[2026-03-24T13:04:29.778616] Error en loop de monitoreo: [WinError 10054] Se ha forzado la interrupción de una conexión existente por el host remoto
Traceback (most recent call last):
  File "C:\Users\julia\AppData\Local\Programs\Python\Python310\lib\site-packages\zk\base.py", line 249, in __send_command
    self.__tcp_data_recv = self.__sock.recv(response_size + 8)
ConnectionResetError: [WinError 10054] Se ha forzado la interrupción de una conexión existente por el host remoto

During handling of the above exception, another exception occurred:

Traceback (most recent call last):
  File "c:\Users\julia\Documents\GitHub\Python_0_to_hero\Ejercicios\Biometricos\EJ 01.py", line 257, in monitorear_acciones_dispositivo
    logs = conn.get_attendance() or []
  File "C:\Users\julia\AppData\Local\Programs\Python\Python310\lib\site-packages\zk\base.py", line 1547, in get_attendance
    self.read_sizes()
  File "C:\Users\julia\AppData\Local\Programs\Python\Python310\lib\site-packages\zk\base.py", line 658, in read_sizes
    cmd_response = self.__send_command(command,b'', response_size)
  File "C:\Users\julia\AppData\Local\Programs\Python\Python310\lib\site-packages\zk\base.py", line 260, in __send_command
    raise ZKNetworkError(str(e))
zk.exception.ZKNetworkError: [WinError 10054] Se ha forzado la interrupción de una conexión existente por el host remoto

[2026-03-24T13:04:32.828734] Error en loop de monitoreo: [WinError 10054] Se ha forzado la interrupción de una conexión existente por el host remoto
Traceback (most recent call last):
  File "C:\Users\julia\AppData\Local\Programs\Python\Python310\lib\site-packages\zk\base.py", line 248, in __send_command
    self.__sock.send(top)
ConnectionResetError: [WinError 10054] Se ha forzado la interrupción de una conexión existente por el host remoto

During handling of the above exception, another exception occurred:

Traceback (most recent call last):
  File "c:\Users\julia\Documents\GitHub\Python_0_to_hero\Ejercicios\Biometricos\EJ 01.py", line 257, in monitorear_acciones_dispositivo
    logs = conn.get_attendance() or []
  File "C:\Users\julia\AppData\Local\Programs\Python\Python310\lib\site-packages\zk\base.py", line 1547, in get_attendance
    self.read_sizes()
  File "C:\Users\julia\AppData\Local\Programs\Python\Python310\lib\site-packages\zk\base.py", line 658, in read_sizes
    cmd_response = self.__send_command(command,b'', response_size)
  File "C:\Users\julia\AppData\Local\Programs\Python\Python310\lib\site-packages\zk\base.py", line 260, in __send_command
    raise ZKNetworkError(str(e))
zk.exception.ZKNetworkError: [WinError 10054] Se ha forzado la interrupción de una conexión existente por el host remoto

[2026-03-24T13:04:35.843424] Error en loop de monitoreo: [WinError 10054] Se ha forzado la interrupción de una conexión existente por el host remoto
Traceback (most recent call last):
  File "C:\Users\julia\AppData\Local\Programs\Python\Python310\lib\site-packages\zk\base.py", line 248, in __send_command
    self.__sock.send(top)
ConnectionResetError: [WinError 10054] Se ha forzado la interrupción de una conexión existente por el host remoto

During handling of the above exception, another exception occurred:

Traceback (most recent call last):
  File "c:\Users\julia\Documents\GitHub\Python_0_to_hero\Ejercicios\Biometricos\EJ 01.py", line 257, in monitorear_acciones_dispositivo
    logs = conn.get_attendance() or []
  File "C:\Users\julia\AppData\Local\Programs\Python\Python310\lib\site-packages\zk\base.py", line 1547, in get_attendance
    self.read_sizes()
  File "C:\Users\julia\AppData\Local\Programs\Python\Python310\lib\site-packages\zk\base.py", line 658, in read_sizes
    cmd_response = self.__send_command(command,b'', response_size)
  File "C:\Users\julia\AppData\Local\Programs\Python\Python310\lib\site-packages\zk\base.py", line 260, in __send_command
    raise ZKNetworkError(str(e))
zk.exception.ZKNetworkError: [WinError 10054] Se ha forzado la interrupción de una conexión existente por el host remoto

[2026-03-24T13:04:38.855885] Error en loop de monitoreo: [WinError 10054] Se ha forzado la interrupción de una conexión existente por el host remoto
Traceback (most recent call last):
  File "C:\Users\julia\AppData\Local\Programs\Python\Python310\lib\site-packages\zk\base.py", line 248, in __send_command
    self.__sock.send(top)
ConnectionResetError: [WinError 10054] Se ha forzado la interrupción de una conexión existente por el host remoto

During handling of the above exception, another exception occurred:

Traceback (most recent call last):
  File "c:\Users\julia\Documents\GitHub\Python_0_to_hero\Ejercicios\Biometricos\EJ 01.py", line 257, in monitorear_acciones_dispositivo
    logs = conn.get_attendance() or []
  File "C:\Users\julia\AppData\Local\Programs\Python\Python310\lib\site-packages\zk\base.py", line 1547, in get_attendance
    self.read_sizes()
  File "C:\Users\julia\AppData\Local\Programs\Python\Python310\lib\site-packages\zk\base.py", line 658, in read_sizes
    cmd_response = self.__send_command(command,b'', response_size)
  File "C:\Users\julia\AppData\Local\Programs\Python\Python310\lib\site-packages\zk\base.py", line 260, in __send_command
    raise ZKNetworkError(str(e))
zk.exception.ZKNetworkError: [WinError 10054] Se ha forzado la interrupción de una conexión existente por el host remoto

[2026-03-24T13:04:41.865059] Error en loop de monitoreo: [WinError 10054] Se ha forzado la interrupción de una conexión existente por el host remoto
Traceback (most recent call last):
  File "C:\Users\julia\AppData\Local\Programs\Python\Python310\lib\site-packages\zk\base.py", line 248, in __send_command
    self.__sock.send(top)
ConnectionResetError: [WinError 10054] Se ha forzado la interrupción de una conexión existente por el host remoto

During handling of the above exception, another exception occurred:

Traceback (most recent call last):
  File "c:\Users\julia\Documents\GitHub\Python_0_to_hero\Ejercicios\Biometricos\EJ 01.py", line 257, in monitorear_acciones_dispositivo
    logs = conn.get_attendance() or []
  File "C:\Users\julia\AppData\Local\Programs\Python\Python310\lib\site-packages\zk\base.py", line 1547, in get_attendance
    self.read_sizes()
  File "C:\Users\julia\AppData\Local\Programs\Python\Python310\lib\site-packages\zk\base.py", line 658, in read_sizes
    cmd_response = self.__send_command(command,b'', response_size)
  File "C:\Users\julia\AppData\Local\Programs\Python\Python310\lib\site-packages\zk\base.py", line 260, in __send_command
    raise ZKNetworkError(str(e))
zk.exception.ZKNetworkError: [WinError 10054] Se ha forzado la interrupción de una conexión existente por el host remoto

[2026-03-24T13:04:44.879409] Error en loop de monitoreo: [WinError 10054] Se ha forzado la interrupción de una conexión existente por el host remoto
Traceback (most recent call last):
  File "C:\Users\julia\AppData\Local\Programs\Python\Python310\lib\site-packages\zk\base.py", line 248, in __send_command
    self.__sock.send(top)
ConnectionResetError: [WinError 10054] Se ha forzado la interrupción de una conexión existente por el host remoto

During handling of the above exception, another exception occurred:

Traceback (most recent call last):
  File "c:\Users\julia\Documents\GitHub\Python_0_to_hero\Ejercicios\Biometricos\EJ 01.py", line 257, in monitorear_acciones_dispositivo
    logs = conn.get_attendance() or []
  File "C:\Users\julia\AppData\Local\Programs\Python\Python310\lib\site-packages\zk\base.py", line 1547, in get_attendance
    self.read_sizes()
  File "C:\Users\julia\AppData\Local\Programs\Python\Python310\lib\site-packages\zk\base.py", line 658, in read_sizes
    cmd_response = self.__send_command(command,b'', response_size)
  File "C:\Users\julia\AppData\Local\Programs\Python\Python310\lib\site-packages\zk\base.py", line 260, in __send_command
    raise ZKNetworkError(str(e))
zk.exception.ZKNetworkError: [WinError 10054] Se ha forzado la interrupción de una conexión existente por el host remoto

[2026-03-24T13:04:47.881808] Error en loop de monitoreo: [WinError 10054] Se ha forzado la interrupción de una conexión existente por el host remoto
Traceback (most recent call last):
  File "C:\Users\julia\AppData\Local\Programs\Python\Python310\lib\site-packages\zk\base.py", line 248, in __send_command
    self.__sock.send(top)
ConnectionResetError: [WinError 10054] Se ha forzado la interrupción de una conexión existente por el host remoto

During handling of the above exception, another exception occurred:

Traceback (most recent call last):
  File "c:\Users\julia\Documents\GitHub\Python_0_to_hero\Ejercicios\Biometricos\EJ 01.py", line 257, in monitorear_acciones_dispositivo
    logs = conn.get_attendance() or []
  File "C:\Users\julia\AppData\Local\Programs\Python\Python310\lib\site-packages\zk\base.py", line 1547, in get_attendance
    self.read_sizes()
  File "C:\Users\julia\AppData\Local\Programs\Python\Python310\lib\site-packages\zk\base.py", line 658, in read_sizes
    cmd_response = self.__send_command(command,b'', response_size)
  File "C:\Users\julia\AppData\Local\Programs\Python\Python310\lib\site-packages\zk\base.py", line 260, in __send_command
    raise ZKNetworkError(str(e))
zk.exception.ZKNetworkError: [WinError 10054] Se ha forzado la interrupción de una conexión existente por el host remoto

[2026-03-24T13:04:50.885178] Error en loop de monitoreo: [WinError 10054] Se ha forzado la interrupción de una conexión existente por el host remoto
Traceback (most recent call last):
  File "C:\Users\julia\AppData\Local\Programs\Python\Python310\lib\site-packages\zk\base.py", line 248, in __send_command
    self.__sock.send(top)
ConnectionResetError: [WinError 10054] Se ha forzado la interrupción de una conexión existente por el host remoto

During handling of the above exception, another exception occurred:

Traceback (most recent call last):
  File "c:\Users\julia\Documents\GitHub\Python_0_to_hero\Ejercicios\Biometricos\EJ 01.py", line 257, in monitorear_acciones_dispositivo
    logs = conn.get_attendance() or []
  File "C:\Users\julia\AppData\Local\Programs\Python\Python310\lib\site-packages\zk\base.py", line 1547, in get_attendance
    self.read_sizes()
  File "C:\Users\julia\AppData\Local\Programs\Python\Python310\lib\site-packages\zk\base.py", line 658, in read_sizes
    cmd_response = self.__send_command(command,b'', response_size)
  File "C:\Users\julia\AppData\Local\Programs\Python\Python310\lib\site-packages\zk\base.py", line 260, in __send_command
    raise ZKNetworkError(str(e))
zk.exception.ZKNetworkError: [WinError 10054] Se ha forzado la interrupción de una conexión existente por el host remoto

[2026-03-24T13:04:53.893713] Error en loop de monitoreo: [WinError 10054] Se ha forzado la interrupción de una conexión existente por el host remoto
Traceback (most recent call last):
  File "C:\Users\julia\AppData\Local\Programs\Python\Python310\lib\site-packages\zk\base.py", line 248, in __send_command
    self.__sock.send(top)
ConnectionResetError: [WinError 10054] Se ha forzado la interrupción de una conexión existente por el host remoto

During handling of the above exception, another exception occurred:

Traceback (most recent call last):
  File "c:\Users\julia\Documents\GitHub\Python_0_to_hero\Ejercicios\Biometricos\EJ 01.py", line 257, in monitorear_acciones_dispositivo
    logs = conn.get_attendance() or []
  File "C:\Users\julia\AppData\Local\Programs\Python\Python310\lib\site-packages\zk\base.py", line 1547, in get_attendance
    self.read_sizes()
  File "C:\Users\julia\AppData\Local\Programs\Python\Python310\lib\site-packages\zk\base.py", line 658, in read_sizes
    cmd_response = self.__send_command(command,b'', response_size)
  File "C:\Users\julia\AppData\Local\Programs\Python\Python310\lib\site-packages\zk\base.py", line 260, in __send_command
    raise ZKNetworkError(str(e))
zk.exception.ZKNetworkError: [WinError 10054] Se ha forzado la interrupción de una conexión existente por el host remoto

[2026-03-24T13:04:56.904391] Error en loop de monitoreo: [WinError 10054] Se ha forzado la interrupción de una conexión existente por el host remoto
Traceback (most recent call last):
  File "C:\Users\julia\AppData\Local\Programs\Python\Python310\lib\site-packages\zk\base.py", line 248, in __send_command
    self.__sock.send(top)
ConnectionResetError: [WinError 10054] Se ha forzado la interrupción de una conexión existente por el host remoto

During handling of the above exception, another exception occurred:

Traceback (most recent call last):
  File "c:\Users\julia\Documents\GitHub\Python_0_to_hero\Ejercicios\Biometricos\EJ 01.py", line 257, in monitorear_acciones_dispositivo
    logs = conn.get_attendance() or []
  File "C:\Users\julia\AppData\Local\Programs\Python\Python310\lib\site-packages\zk\base.py", line 1547, in get_attendance
    self.read_sizes()
  File "C:\Users\julia\AppData\Local\Programs\Python\Python310\lib\site-packages\zk\base.py", line 658, in read_sizes
    cmd_response = self.__send_command(command,b'', response_size)
  File "C:\Users\julia\AppData\Local\Programs\Python\Python310\lib\site-packages\zk\base.py", line 260, in __send_command
    raise ZKNetworkError(str(e))
zk.exception.ZKNetworkError: [WinError 10054] Se ha forzado la interrupción de una conexión existente por el host remoto

[2026-03-24T13:04:59.920264] Error en loop de monitoreo: [WinError 10054] Se ha forzado la interrupción de una conexión existente por el host remoto
Traceback (most recent call last):
  File "C:\Users\julia\AppData\Local\Programs\Python\Python310\lib\site-packages\zk\base.py", line 248, in __send_command
    self.__sock.send(top)
ConnectionResetError: [WinError 10054] Se ha forzado la interrupción de una conexión existente por el host remoto

During handling of the above exception, another exception occurred:

Traceback (most recent call last):
  File "c:\Users\julia\Documents\GitHub\Python_0_to_hero\Ejercicios\Biometricos\EJ 01.py", line 257, in monitorear_acciones_dispositivo
    logs = conn.get_attendance() or []
  File "C:\Users\julia\AppData\Local\Programs\Python\Python310\lib\site-packages\zk\base.py", line 1547, in get_attendance
    self.read_sizes()
  File "C:\Users\julia\AppData\Local\Programs\Python\Python310\lib\site-packages\zk\base.py", line 658, in read_sizes
    cmd_response = self.__send_command(command,b'', response_size)
  File "C:\Users\julia\AppData\Local\Programs\Python\Python310\lib\site-packages\zk\base.py", line 260, in __send_command
    raise ZKNetworkError(str(e))
zk.exception.ZKNetworkError: [WinError 10054] Se ha forzado la interrupción de una conexión existente por el host remoto

[2026-03-24T13:05:02.924347] Error en loop de monitoreo: [WinError 10054] Se ha forzado la interrupción de una conexión existente por el host remoto
Traceback (most recent call last):
  File "C:\Users\julia\AppData\Local\Programs\Python\Python310\lib\site-packages\zk\base.py", line 248, in __send_command
    self.__sock.send(top)
ConnectionResetError: [WinError 10054] Se ha forzado la interrupción de una conexión existente por el host remoto

During handling of the above exception, another exception occurred:

Traceback (most recent call last):
  File "c:\Users\julia\Documents\GitHub\Python_0_to_hero\Ejercicios\Biometricos\EJ 01.py", line 257, in monitorear_acciones_dispositivo
    logs = conn.get_attendance() or []
  File "C:\Users\julia\AppData\Local\Programs\Python\Python310\lib\site-packages\zk\base.py", line 1547, in get_attendance
    self.read_sizes()
  File "C:\Users\julia\AppData\Local\Programs\Python\Python310\lib\site-packages\zk\base.py", line 658, in read_sizes
    cmd_response = self.__send_command(command,b'', response_size)
  File "C:\Users\julia\AppData\Local\Programs\Python\Python310\lib\site-packages\zk\base.py", line 260, in __send_command
    raise ZKNetworkError(str(e))
zk.exception.ZKNetworkError: [WinError 10054] Se ha forzado la interrupción de una conexión existente por el host remoto

[2026-03-24T13:05:05.935402] Error en loop de monitoreo: [WinError 10054] Se ha forzado la interrupción de una conexión existente por el host remoto
Traceback (most recent call last):
  File "C:\Users\julia\AppData\Local\Programs\Python\Python310\lib\site-packages\zk\base.py", line 248, in __send_command
    self.__sock.send(top)
ConnectionResetError: [WinError 10054] Se ha forzado la interrupción de una conexión existente por el host remoto

During handling of the above exception, another exception occurred:

Traceback (most recent call last):
  File "c:\Users\julia\Documents\GitHub\Python_0_to_hero\Ejercicios\Biometricos\EJ 01.py", line 257, in monitorear_acciones_dispositivo
    logs = conn.get_attendance() or []
  File "C:\Users\julia\AppData\Local\Programs\Python\Python310\lib\site-packages\zk\base.py", line 1547, in get_attendance
    self.read_sizes()
  File "C:\Users\julia\AppData\Local\Programs\Python\Python310\lib\site-packages\zk\base.py", line 658, in read_sizes
    cmd_response = self.__send_command(command,b'', response_size)
  File "C:\Users\julia\AppData\Local\Programs\Python\Python310\lib\site-packages\zk\base.py", line 260, in __send_command
    raise ZKNetworkError(str(e))
zk.exception.ZKNetworkError: [WinError 10054] Se ha forzado la interrupción de una conexión existente por el host remoto

[2026-03-24T13:05:08.938765] Error en loop de monitoreo: [WinError 10054] Se ha forzado la interrupción de una conexión existente por el host remoto
Traceback (most recent call last):
  File "C:\Users\julia\AppData\Local\Programs\Python\Python310\lib\site-packages\zk\base.py", line 248, in __send_command
    self.__sock.send(top)
ConnectionResetError: [WinError 10054] Se ha forzado la interrupción de una conexión existente por el host remoto

During handling of the above exception, another exception occurred:

Traceback (most recent call last):
  File "c:\Users\julia\Documents\GitHub\Python_0_to_hero\Ejercicios\Biometricos\EJ 01.py", line 257, in monitorear_acciones_dispositivo
    logs = conn.get_attendance() or []
  File "C:\Users\julia\AppData\Local\Programs\Python\Python310\lib\site-packages\zk\base.py", line 1547, in get_attendance
    self.read_sizes()
  File "C:\Users\julia\AppData\Local\Programs\Python\Python310\lib\site-packages\zk\base.py", line 658, in read_sizes
    cmd_response = self.__send_command(command,b'', response_size)
  File "C:\Users\julia\AppData\Local\Programs\Python\Python310\lib\site-packages\zk\base.py", line 260, in __send_command
    raise ZKNetworkError(str(e))
zk.exception.ZKNetworkError: [WinError 10054] Se ha forzado la interrupción de una conexión existente por el host remoto

[2026-03-24T13:05:11.946216] Error en loop de monitoreo: [WinError 10054] Se ha forzado la interrupción de una conexión existente por el host remoto
Traceback (most recent call last):
  File "C:\Users\julia\AppData\Local\Programs\Python\Python310\lib\site-packages\zk\base.py", line 248, in __send_command
    self.__sock.send(top)
ConnectionResetError: [WinError 10054] Se ha forzado la interrupción de una conexión existente por el host remoto

During handling of the above exception, another exception occurred:

Traceback (most recent call last):
  File "c:\Users\julia\Documents\GitHub\Python_0_to_hero\Ejercicios\Biometricos\EJ 01.py", line 257, in monitorear_acciones_dispositivo
    logs = conn.get_attendance() or []
  File "C:\Users\julia\AppData\Local\Programs\Python\Python310\lib\site-packages\zk\base.py", line 1547, in get_attendance
    self.read_sizes()
  File "C:\Users\julia\AppData\Local\Programs\Python\Python310\lib\site-packages\zk\base.py", line 658, in read_sizes
    cmd_response = self.__send_command(command,b'', response_size)
  File "C:\Users\julia\AppData\Local\Programs\Python\Python310\lib\site-packages\zk\base.py", line 260, in __send_command
    raise ZKNetworkError(str(e))
zk.exception.ZKNetworkError: [WinError 10054] Se ha forzado la interrupción de una conexión existente por el host remoto

[2026-03-24T13:05:14.949587] Error en loop de monitoreo: [WinError 10054] Se ha forzado la interrupción de una conexión existente por el host remoto
Traceback (most recent call last):
  File "C:\Users\julia\AppData\Local\Programs\Python\Python310\lib\site-packages\zk\base.py", line 248, in __send_command
    self.__sock.send(top)
ConnectionResetError: [WinError 10054] Se ha forzado la interrupción de una conexión existente por el host remoto

During handling of the above exception, another exception occurred:

Traceback (most recent call last):
  File "c:\Users\julia\Documents\GitHub\Python_0_to_hero\Ejercicios\Biometricos\EJ 01.py", line 257, in monitorear_acciones_dispositivo
    logs = conn.get_attendance() or []
  File "C:\Users\julia\AppData\Local\Programs\Python\Python310\lib\site-packages\zk\base.py", line 1547, in get_attendance
    self.read_sizes()
  File "C:\Users\julia\AppData\Local\Programs\Python\Python310\lib\site-packages\zk\base.py", line 658, in read_sizes
    cmd_response = self.__send_command(command,b'', response_size)
  File "C:\Users\julia\AppData\Local\Programs\Python\Python310\lib\site-packages\zk\base.py", line 260, in __send_command
    raise ZKNetworkError(str(e))
zk.exception.ZKNetworkError: [WinError 10054] Se ha forzado la interrupción de una conexión existente por el host remoto

[2026-03-24T13:05:17.950697] Error en loop de monitoreo: [WinError 10054] Se ha forzado la interrupción de una conexión existente por el host remoto
Traceback (most recent call last):
  File "C:\Users\julia\AppData\Local\Programs\Python\Python310\lib\site-packages\zk\base.py", line 248, in __send_command
    self.__sock.send(top)
ConnectionResetError: [WinError 10054] Se ha forzado la interrupción de una conexión existente por el host remoto

During handling of the above exception, another exception occurred:

Traceback (most recent call last):
  File "c:\Users\julia\Documents\GitHub\Python_0_to_hero\Ejercicios\Biometricos\EJ 01.py", line 257, in monitorear_acciones_dispositivo
    logs = conn.get_attendance() or []
  File "C:\Users\julia\AppData\Local\Programs\Python\Python310\lib\site-packages\zk\base.py", line 1547, in get_attendance
    self.read_sizes()
  File "C:\Users\julia\AppData\Local\Programs\Python\Python310\lib\site-packages\zk\base.py", line 658, in read_sizes
    cmd_response = self.__send_command(command,b'', response_size)
  File "C:\Users\julia\AppData\Local\Programs\Python\Python310\lib\site-packages\zk\base.py", line 260, in __send_command
    raise ZKNetworkError(str(e))
zk.exception.ZKNetworkError: [WinError 10054] Se ha forzado la interrupción de una conexión existente por el host remoto

[2026-03-24T13:05:20.963165] Error en loop de monitoreo: [WinError 10054] Se ha forzado la interrupción de una conexión existente por el host remoto
Traceback (most recent call last):
  File "C:\Users\julia\AppData\Local\Programs\Python\Python310\lib\site-packages\zk\base.py", line 248, in __send_command
    self.__sock.send(top)
ConnectionResetError: [WinError 10054] Se ha forzado la interrupción de una conexión existente por el host remoto

During handling of the above exception, another exception occurred:

Traceback (most recent call last):
  File "c:\Users\julia\Documents\GitHub\Python_0_to_hero\Ejercicios\Biometricos\EJ 01.py", line 257, in monitorear_acciones_dispositivo
    logs = conn.get_attendance() or []
  File "C:\Users\julia\AppData\Local\Programs\Python\Python310\lib\site-packages\zk\base.py", line 1547, in get_attendance
    self.read_sizes()
  File "C:\Users\julia\AppData\Local\Programs\Python\Python310\lib\site-packages\zk\base.py", line 658, in read_sizes
    cmd_response = self.__send_command(command,b'', response_size)
  File "C:\Users\julia\AppData\Local\Programs\Python\Python310\lib\site-packages\zk\base.py", line 260, in __send_command
    raise ZKNetworkError(str(e))
zk.exception.ZKNetworkError: [WinError 10054] Se ha forzado la interrupción de una conexión existente por el host remoto

[2026-03-24T13:05:23.972847] Error en loop de monitoreo: [WinError 10054] Se ha forzado la interrupción de una conexión existente por el host remoto
Traceback (most recent call last):
  File "C:\Users\julia\AppData\Local\Programs\Python\Python310\lib\site-packages\zk\base.py", line 248, in __send_command
    self.__sock.send(top)
ConnectionResetError: [WinError 10054] Se ha forzado la interrupción de una conexión existente por el host remoto

During handling of the above exception, another exception occurred:

Traceback (most recent call last):
  File "c:\Users\julia\Documents\GitHub\Python_0_to_hero\Ejercicios\Biometricos\EJ 01.py", line 257, in monitorear_acciones_dispositivo
    logs = conn.get_attendance() or []
  File "C:\Users\julia\AppData\Local\Programs\Python\Python310\lib\site-packages\zk\base.py", line 1547, in get_attendance
    self.read_sizes()
  File "C:\Users\julia\AppData\Local\Programs\Python\Python310\lib\site-packages\zk\base.py", line 658, in read_sizes
    cmd_response = self.__send_command(command,b'', response_size)
  File "C:\Users\julia\AppData\Local\Programs\Python\Python310\lib\site-packages\zk\base.py", line 260, in __send_command
    raise ZKNetworkError(str(e))
zk.exception.ZKNetworkError: [WinError 10054] Se ha forzado la interrupción de una conexión existente por el host remoto

[2026-03-24T13:05:26.975333] Error en loop de monitoreo: [WinError 10054] Se ha forzado la interrupción de una conexión existente por el host remoto
Traceback (most recent call last):
  File "C:\Users\julia\AppData\Local\Programs\Python\Python310\lib\site-packages\zk\base.py", line 248, in __send_command
    self.__sock.send(top)
ConnectionResetError: [WinError 10054] Se ha forzado la interrupción de una conexión existente por el host remoto

During handling of the above exception, another exception occurred:

Traceback (most recent call last):
  File "c:\Users\julia\Documents\GitHub\Python_0_to_hero\Ejercicios\Biometricos\EJ 01.py", line 257, in monitorear_acciones_dispositivo
    logs = conn.get_attendance() or []
  File "C:\Users\julia\AppData\Local\Programs\Python\Python310\lib\site-packages\zk\base.py", line 1547, in get_attendance
    self.read_sizes()
  File "C:\Users\julia\AppData\Local\Programs\Python\Python310\lib\site-packages\zk\base.py", line 658, in read_sizes
    cmd_response = self.__send_command(command,b'', response_size)
  File "C:\Users\julia\AppData\Local\Programs\Python\Python310\lib\site-packages\zk\base.py", line 260, in __send_command
    raise ZKNetworkError(str(e))
zk.exception.ZKNetworkError: [WinError 10054] Se ha forzado la interrupción de una conexión existente por el host remoto

[2026-03-24T13:05:29.989150] Error en loop de monitoreo: [WinError 10054] Se ha forzado la interrupción de una conexión existente por el host remoto
Traceback (most recent call last):
  File "C:\Users\julia\AppData\Local\Programs\Python\Python310\lib\site-packages\zk\base.py", line 248, in __send_command
    self.__sock.send(top)
ConnectionResetError: [WinError 10054] Se ha forzado la interrupción de una conexión existente por el host remoto

During handling of the above exception, another exception occurred:

Traceback (most recent call last):
  File "c:\Users\julia\Documents\GitHub\Python_0_to_hero\Ejercicios\Biometricos\EJ 01.py", line 257, in monitorear_acciones_dispositivo
    logs = conn.get_attendance() or []
  File "C:\Users\julia\AppData\Local\Programs\Python\Python310\lib\site-packages\zk\base.py", line 1547, in get_attendance
    self.read_sizes()
  File "C:\Users\julia\AppData\Local\Programs\Python\Python310\lib\site-packages\zk\base.py", line 658, in read_sizes
    cmd_response = self.__send_command(command,b'', response_size)
  File "C:\Users\julia\AppData\Local\Programs\Python\Python310\lib\site-packages\zk\base.py", line 260, in __send_command
    raise ZKNetworkError(str(e))
zk.exception.ZKNetworkError: [WinError 10054] Se ha forzado la interrupción de una conexión existente por el host remoto

[2026-03-24T13:05:32.998965] Error en loop de monitoreo: [WinError 10054] Se ha forzado la interrupción de una conexión existente por el host remoto
Traceback (most recent call last):
  File "C:\Users\julia\AppData\Local\Programs\Python\Python310\lib\site-packages\zk\base.py", line 248, in __send_command
    self.__sock.send(top)
ConnectionResetError: [WinError 10054] Se ha forzado la interrupción de una conexión existente por el host remoto

During handling of the above exception, another exception occurred:

Traceback (most recent call last):
  File "c:\Users\julia\Documents\GitHub\Python_0_to_hero\Ejercicios\Biometricos\EJ 01.py", line 257, in monitorear_acciones_dispositivo
    logs = conn.get_attendance() or []
  File "C:\Users\julia\AppData\Local\Programs\Python\Python310\lib\site-packages\zk\base.py", line 1547, in get_attendance
    self.read_sizes()
  File "C:\Users\julia\AppData\Local\Programs\Python\Python310\lib\site-packages\zk\base.py", line 658, in read_sizes
    cmd_response = self.__send_command(command,b'', response_size)
  File "C:\Users\julia\AppData\Local\Programs\Python\Python310\lib\site-packages\zk\base.py", line 260, in __send_command
    raise ZKNetworkError(str(e))
zk.exception.ZKNetworkError: [WinError 10054] Se ha forzado la interrupción de una conexión existente por el host remoto

[2026-03-24T13:05:36.015624] Error en loop de monitoreo: [WinError 10054] Se ha forzado la interrupción de una conexión existente por el host remoto
Traceback (most recent call last):
  File "C:\Users\julia\AppData\Local\Programs\Python\Python310\lib\site-packages\zk\base.py", line 248, in __send_command
    self.__sock.send(top)
ConnectionResetError: [WinError 10054] Se ha forzado la interrupción de una conexión existente por el host remoto

During handling of the above exception, another exception occurred:

Traceback (most recent call last):
  File "c:\Users\julia\Documents\GitHub\Python_0_to_hero\Ejercicios\Biometricos\EJ 01.py", line 257, in monitorear_acciones_dispositivo
    logs = conn.get_attendance() or []
  File "C:\Users\julia\AppData\Local\Programs\Python\Python310\lib\site-packages\zk\base.py", line 1547, in get_attendance
    self.read_sizes()
  File "C:\Users\julia\AppData\Local\Programs\Python\Python310\lib\site-packages\zk\base.py", line 658, in read_sizes
    cmd_response = self.__send_command(command,b'', response_size)
  File "C:\Users\julia\AppData\Local\Programs\Python\Python310\lib\site-packages\zk\base.py", line 260, in __send_command
    raise ZKNetworkError(str(e))
zk.exception.ZKNetworkError: [WinError 10054] Se ha forzado la interrupción de una conexión existente por el host remoto

[2026-03-24T13:05:39.019698] Error en loop de monitoreo: [WinError 10054] Se ha forzado la interrupción de una conexión existente por el host remoto
Traceback (most recent call last):
  File "C:\Users\julia\AppData\Local\Programs\Python\Python310\lib\site-packages\zk\base.py", line 248, in __send_command
    self.__sock.send(top)
ConnectionResetError: [WinError 10054] Se ha forzado la interrupción de una conexión existente por el host remoto

During handling of the above exception, another exception occurred:

Traceback (most recent call last):
  File "c:\Users\julia\Documents\GitHub\Python_0_to_hero\Ejercicios\Biometricos\EJ 01.py", line 257, in monitorear_acciones_dispositivo
    logs = conn.get_attendance() or []
  File "C:\Users\julia\AppData\Local\Programs\Python\Python310\lib\site-packages\zk\base.py", line 1547, in get_attendance
    self.read_sizes()
  File "C:\Users\julia\AppData\Local\Programs\Python\Python310\lib\site-packages\zk\base.py", line 658, in read_sizes
    cmd_response = self.__send_command(command,b'', response_size)
  File "C:\Users\julia\AppData\Local\Programs\Python\Python310\lib\site-packages\zk\base.py", line 260, in __send_command
    raise ZKNetworkError(str(e))
zk.exception.ZKNetworkError: [WinError 10054] Se ha forzado la interrupción de una conexión existente por el host remoto

[2026-03-24T13:05:42.032567] Error en loop de monitoreo: [WinError 10054] Se ha forzado la interrupción de una conexión existente por el host remoto
Traceback (most recent call last):
  File "C:\Users\julia\AppData\Local\Programs\Python\Python310\lib\site-packages\zk\base.py", line 248, in __send_command
    self.__sock.send(top)
ConnectionResetError: [WinError 10054] Se ha forzado la interrupción de una conexión existente por el host remoto

During handling of the above exception, another exception occurred:

Traceback (most recent call last):
  File "c:\Users\julia\Documents\GitHub\Python_0_to_hero\Ejercicios\Biometricos\EJ 01.py", line 257, in monitorear_acciones_dispositivo
    logs = conn.get_attendance() or []
  File "C:\Users\julia\AppData\Local\Programs\Python\Python310\lib\site-packages\zk\base.py", line 1547, in get_attendance
    self.read_sizes()
  File "C:\Users\julia\AppData\Local\Programs\Python\Python310\lib\site-packages\zk\base.py", line 658, in read_sizes
    cmd_response = self.__send_command(command,b'', response_size)
  File "C:\Users\julia\AppData\Local\Programs\Python\Python310\lib\site-packages\zk\base.py", line 260, in __send_command
    raise ZKNetworkError(str(e))
zk.exception.ZKNetworkError: [WinError 10054] Se ha forzado la interrupción de una conexión existente por el host remoto

[2026-03-24T13:05:45.037365] Error en loop de monitoreo: [WinError 10054] Se ha forzado la interrupción de una conexión existente por el host remoto
Traceback (most recent call last):
  File "C:\Users\julia\AppData\Local\Programs\Python\Python310\lib\site-packages\zk\base.py", line 248, in __send_command
    self.__sock.send(top)
ConnectionResetError: [WinError 10054] Se ha forzado la interrupción de una conexión existente por el host remoto

During handling of the above exception, another exception occurred:

Traceback (most recent call last):
  File "c:\Users\julia\Documents\GitHub\Python_0_to_hero\Ejercicios\Biometricos\EJ 01.py", line 257, in monitorear_acciones_dispositivo
    logs = conn.get_attendance() or []
  File "C:\Users\julia\AppData\Local\Programs\Python\Python310\lib\site-packages\zk\base.py", line 1547, in get_attendance
    self.read_sizes()
  File "C:\Users\julia\AppData\Local\Programs\Python\Python310\lib\site-packages\zk\base.py", line 658, in read_sizes
    cmd_response = self.__send_command(command,b'', response_size)
  File "C:\Users\julia\AppData\Local\Programs\Python\Python310\lib\site-packages\zk\base.py", line 260, in __send_command
    raise ZKNetworkError(str(e))
zk.exception.ZKNetworkError: [WinError 10054] Se ha forzado la interrupción de una conexión existente por el host remoto

[2026-03-24T13:05:48.053445] Error en loop de monitoreo: [WinError 10054] Se ha forzado la interrupción de una conexión existente por el host remoto
Traceback (most recent call last):
  File "C:\Users\julia\AppData\Local\Programs\Python\Python310\lib\site-packages\zk\base.py", line 248, in __send_command
    self.__sock.send(top)
ConnectionResetError: [WinError 10054] Se ha forzado la interrupción de una conexión existente por el host remoto

During handling of the above exception, another exception occurred:

Traceback (most recent call last):
  File "c:\Users\julia\Documents\GitHub\Python_0_to_hero\Ejercicios\Biometricos\EJ 01.py", line 257, in monitorear_acciones_dispositivo
    logs = conn.get_attendance() or []
  File "C:\Users\julia\AppData\Local\Programs\Python\Python310\lib\site-packages\zk\base.py", line 1547, in get_attendance
    self.read_sizes()
  File "C:\Users\julia\AppData\Local\Programs\Python\Python310\lib\site-packages\zk\base.py", line 658, in read_sizes
    cmd_response = self.__send_command(command,b'', response_size)
  File "C:\Users\julia\AppData\Local\Programs\Python\Python310\lib\site-packages\zk\base.py", line 260, in __send_command
    raise ZKNetworkError(str(e))
zk.exception.ZKNetworkError: [WinError 10054] Se ha forzado la interrupción de una conexión existente por el host remoto

[2026-03-24T13:05:51.058071] Error en loop de monitoreo: [WinError 10054] Se ha forzado la interrupción de una conexión existente por el host remoto
Traceback (most recent call last):
  File "C:\Users\julia\AppData\Local\Programs\Python\Python310\lib\site-packages\zk\base.py", line 248, in __send_command
    self.__sock.send(top)
ConnectionResetError: [WinError 10054] Se ha forzado la interrupción de una conexión existente por el host remoto

During handling of the above exception, another exception occurred:

Traceback (most recent call last):
  File "c:\Users\julia\Documents\GitHub\Python_0_to_hero\Ejercicios\Biometricos\EJ 01.py", line 257, in monitorear_acciones_dispositivo
    logs = conn.get_attendance() or []
  File "C:\Users\julia\AppData\Local\Programs\Python\Python310\lib\site-packages\zk\base.py", line 1547, in get_attendance
    self.read_sizes()
  File "C:\Users\julia\AppData\Local\Programs\Python\Python310\lib\site-packages\zk\base.py", line 658, in read_sizes
    cmd_response = self.__send_command(command,b'', response_size)
  File "C:\Users\julia\AppData\Local\Programs\Python\Python310\lib\site-packages\zk\base.py", line 260, in __send_command
    raise ZKNetworkError(str(e))
zk.exception.ZKNetworkError: [WinError 10054] Se ha forzado la interrupción de una conexión existente por el host remoto

[2026-03-24T13:05:54.067114] Error en loop de monitoreo: [WinError 10054] Se ha forzado la interrupción de una conexión existente por el host remoto
Traceback (most recent call last):
  File "C:\Users\julia\AppData\Local\Programs\Python\Python310\lib\site-packages\zk\base.py", line 248, in __send_command
    self.__sock.send(top)
ConnectionResetError: [WinError 10054] Se ha forzado la interrupción de una conexión existente por el host remoto

During handling of the above exception, another exception occurred:

Traceback (most recent call last):
  File "c:\Users\julia\Documents\GitHub\Python_0_to_hero\Ejercicios\Biometricos\EJ 01.py", line 257, in monitorear_acciones_dispositivo
    logs = conn.get_attendance() or []
  File "C:\Users\julia\AppData\Local\Programs\Python\Python310\lib\site-packages\zk\base.py", line 1547, in get_attendance
    self.read_sizes()
  File "C:\Users\julia\AppData\Local\Programs\Python\Python310\lib\site-packages\zk\base.py", line 658, in read_sizes
    cmd_response = self.__send_command(command,b'', response_size)
  File "C:\Users\julia\AppData\Local\Programs\Python\Python310\lib\site-packages\zk\base.py", line 260, in __send_command
    raise ZKNetworkError(str(e))
zk.exception.ZKNetworkError: [WinError 10054] Se ha forzado la interrupción de una conexión existente por el host remoto

[2026-03-24T13:05:57.082750] Error en loop de monitoreo: [WinError 10054] Se ha forzado la interrupción de una conexión existente por el host remoto
Traceback (most recent call last):
  File "C:\Users\julia\AppData\Local\Programs\Python\Python310\lib\site-packages\zk\base.py", line 248, in __send_command
    self.__sock.send(top)
ConnectionResetError: [WinError 10054] Se ha forzado la interrupción de una conexión existente por el host remoto

During handling of the above exception, another exception occurred:

Traceback (most recent call last):
  File "c:\Users\julia\Documents\GitHub\Python_0_to_hero\Ejercicios\Biometricos\EJ 01.py", line 257, in monitorear_acciones_dispositivo
    logs = conn.get_attendance() or []
  File "C:\Users\julia\AppData\Local\Programs\Python\Python310\lib\site-packages\zk\base.py", line 1547, in get_attendance
    self.read_sizes()
  File "C:\Users\julia\AppData\Local\Programs\Python\Python310\lib\site-packages\zk\base.py", line 658, in read_sizes
    cmd_response = self.__send_command(command,b'', response_size)
  File "C:\Users\julia\AppData\Local\Programs\Python\Python310\lib\site-packages\zk\base.py", line 260, in __send_command
    raise ZKNetworkError(str(e))
zk.exception.ZKNetworkError: [WinError 10054] Se ha forzado la interrupción de una conexión existente por el host remoto

[2026-03-24T13:06:00.094581] Error en loop de monitoreo: [WinError 10054] Se ha forzado la interrupción de una conexión existente por el host remoto
Traceback (most recent call last):
  File "C:\Users\julia\AppData\Local\Programs\Python\Python310\lib\site-packages\zk\base.py", line 248, in __send_command
    self.__sock.send(top)
ConnectionResetError: [WinError 10054] Se ha forzado la interrupción de una conexión existente por el host remoto

During handling of the above exception, another exception occurred:

Traceback (most recent call last):
  File "c:\Users\julia\Documents\GitHub\Python_0_to_hero\Ejercicios\Biometricos\EJ 01.py", line 257, in monitorear_acciones_dispositivo
    logs = conn.get_attendance() or []
  File "C:\Users\julia\AppData\Local\Programs\Python\Python310\lib\site-packages\zk\base.py", line 1547, in get_attendance
    self.read_sizes()
  File "C:\Users\julia\AppData\Local\Programs\Python\Python310\lib\site-packages\zk\base.py", line 658, in read_sizes
    cmd_response = self.__send_command(command,b'', response_size)
  File "C:\Users\julia\AppData\Local\Programs\Python\Python310\lib\site-packages\zk\base.py", line 260, in __send_command
    raise ZKNetworkError(str(e))
zk.exception.ZKNetworkError: [WinError 10054] Se ha forzado la interrupción de una conexión existente por el host remoto

[2026-03-24T13:06:03.104915] Error en loop de monitoreo: [WinError 10054] Se ha forzado la interrupción de una conexión existente por el host remoto
Traceback (most recent call last):
  File "C:\Users\julia\AppData\Local\Programs\Python\Python310\lib\site-packages\zk\base.py", line 248, in __send_command
    self.__sock.send(top)
ConnectionResetError: [WinError 10054] Se ha forzado la interrupción de una conexión existente por el host remoto

During handling of the above exception, another exception occurred:

Traceback (most recent call last):
  File "c:\Users\julia\Documents\GitHub\Python_0_to_hero\Ejercicios\Biometricos\EJ 01.py", line 257, in monitorear_acciones_dispositivo
    logs = conn.get_attendance() or []
  File "C:\Users\julia\AppData\Local\Programs\Python\Python310\lib\site-packages\zk\base.py", line 1547, in get_attendance
    self.read_sizes()
  File "C:\Users\julia\AppData\Local\Programs\Python\Python310\lib\site-packages\zk\base.py", line 658, in read_sizes
    cmd_response = self.__send_command(command,b'', response_size)
  File "C:\Users\julia\AppData\Local\Programs\Python\Python310\lib\site-packages\zk\base.py", line 260, in __send_command
    raise ZKNetworkError(str(e))
zk.exception.ZKNetworkError: [WinError 10054] Se ha forzado la interrupción de una conexión existente por el host remoto

[2026-03-24T13:06:06.120377] Error en loop de monitoreo: [WinError 10054] Se ha forzado la interrupción de una conexión existente por el host remoto
Traceback (most recent call last):
  File "C:\Users\julia\AppData\Local\Programs\Python\Python310\lib\site-packages\zk\base.py", line 248, in __send_command
    self.__sock.send(top)
ConnectionResetError: [WinError 10054] Se ha forzado la interrupción de una conexión existente por el host remoto

During handling of the above exception, another exception occurred:

Traceback (most recent call last):
  File "c:\Users\julia\Documents\GitHub\Python_0_to_hero\Ejercicios\Biometricos\EJ 01.py", line 257, in monitorear_acciones_dispositivo
    logs = conn.get_attendance() or []
  File "C:\Users\julia\AppData\Local\Programs\Python\Python310\lib\site-packages\zk\base.py", line 1547, in get_attendance
    self.read_sizes()
  File "C:\Users\julia\AppData\Local\Programs\Python\Python310\lib\site-packages\zk\base.py", line 658, in read_sizes
    cmd_response = self.__send_command(command,b'', response_size)
  File "C:\Users\julia\AppData\Local\Programs\Python\Python310\lib\site-packages\zk\base.py", line 260, in __send_command
    raise ZKNetworkError(str(e))
zk.exception.ZKNetworkError: [WinError 10054] Se ha forzado la interrupción de una conexión existente por el host remoto

[2026-03-24T13:06:09.133406] Error en loop de monitoreo: [WinError 10054] Se ha forzado la interrupción de una conexión existente por el host remoto
Traceback (most recent call last):
  File "C:\Users\julia\AppData\Local\Programs\Python\Python310\lib\site-packages\zk\base.py", line 248, in __send_command
    self.__sock.send(top)
ConnectionResetError: [WinError 10054] Se ha forzado la interrupción de una conexión existente por el host remoto

During handling of the above exception, another exception occurred:

Traceback (most recent call last):
  File "c:\Users\julia\Documents\GitHub\Python_0_to_hero\Ejercicios\Biometricos\EJ 01.py", line 257, in monitorear_acciones_dispositivo
    logs = conn.get_attendance() or []
  File "C:\Users\julia\AppData\Local\Programs\Python\Python310\lib\site-packages\zk\base.py", line 1547, in get_attendance
    self.read_sizes()
  File "C:\Users\julia\AppData\Local\Programs\Python\Python310\lib\site-packages\zk\base.py", line 658, in read_sizes
    cmd_response = self.__send_command(command,b'', response_size)
  File "C:\Users\julia\AppData\Local\Programs\Python\Python310\lib\site-packages\zk\base.py", line 260, in __send_command
    raise ZKNetworkError(str(e))
zk.exception.ZKNetworkError: [WinError 10054] Se ha forzado la interrupción de una conexión existente por el host remoto

[2026-03-24T13:06:12.148840] Error en loop de monitoreo: [WinError 10054] Se ha forzado la interrupción de una conexión existente por el host remoto
Traceback (most recent call last):
  File "C:\Users\julia\AppData\Local\Programs\Python\Python310\lib\site-packages\zk\base.py", line 248, in __send_command
    self.__sock.send(top)
ConnectionResetError: [WinError 10054] Se ha forzado la interrupción de una conexión existente por el host remoto

During handling of the above exception, another exception occurred:

Traceback (most recent call last):
  File "c:\Users\julia\Documents\GitHub\Python_0_to_hero\Ejercicios\Biometricos\EJ 01.py", line 257, in monitorear_acciones_dispositivo
    logs = conn.get_attendance() or []
  File "C:\Users\julia\AppData\Local\Programs\Python\Python310\lib\site-packages\zk\base.py", line 1547, in get_attendance
    self.read_sizes()
  File "C:\Users\julia\AppData\Local\Programs\Python\Python310\lib\site-packages\zk\base.py", line 658, in read_sizes
    cmd_response = self.__send_command(command,b'', response_size)
  File "C:\Users\julia\AppData\Local\Programs\Python\Python310\lib\site-packages\zk\base.py", line 260, in __send_command
    raise ZKNetworkError(str(e))
zk.exception.ZKNetworkError: [WinError 10054] Se ha forzado la interrupción de una conexión existente por el host remoto

[2026-03-24T13:06:15.160203] Error en loop de monitoreo: [WinError 10054] Se ha forzado la interrupción de una conexión existente por el host remoto
Traceback (most recent call last):
  File "C:\Users\julia\AppData\Local\Programs\Python\Python310\lib\site-packages\zk\base.py", line 248, in __send_command
    self.__sock.send(top)
ConnectionResetError: [WinError 10054] Se ha forzado la interrupción de una conexión existente por el host remoto

During handling of the above exception, another exception occurred:

Traceback (most recent call last):
  File "c:\Users\julia\Documents\GitHub\Python_0_to_hero\Ejercicios\Biometricos\EJ 01.py", line 257, in monitorear_acciones_dispositivo
    logs = conn.get_attendance() or []
  File "C:\Users\julia\AppData\Local\Programs\Python\Python310\lib\site-packages\zk\base.py", line 1547, in get_attendance
    self.read_sizes()
  File "C:\Users\julia\AppData\Local\Programs\Python\Python310\lib\site-packages\zk\base.py", line 658, in read_sizes
    cmd_response = self.__send_command(command,b'', response_size)
  File "C:\Users\julia\AppData\Local\Programs\Python\Python310\lib\site-packages\zk\base.py", line 260, in __send_command
    raise ZKNetworkError(str(e))
zk.exception.ZKNetworkError: [WinError 10054] Se ha forzado la interrupción de una conexión existente por el host remoto

[2026-03-24T13:06:18.164619] Error en loop de monitoreo: [WinError 10054] Se ha forzado la interrupción de una conexión existente por el host remoto
Traceback (most recent call last):
  File "C:\Users\julia\AppData\Local\Programs\Python\Python310\lib\site-packages\zk\base.py", line 248, in __send_command
    self.__sock.send(top)
ConnectionResetError: [WinError 10054] Se ha forzado la interrupción de una conexión existente por el host remoto

During handling of the above exception, another exception occurred:

Traceback (most recent call last):
  File "c:\Users\julia\Documents\GitHub\Python_0_to_hero\Ejercicios\Biometricos\EJ 01.py", line 257, in monitorear_acciones_dispositivo
    logs = conn.get_attendance() or []
  File "C:\Users\julia\AppData\Local\Programs\Python\Python310\lib\site-packages\zk\base.py", line 1547, in get_attendance
    self.read_sizes()
  File "C:\Users\julia\AppData\Local\Programs\Python\Python310\lib\site-packages\zk\base.py", line 658, in read_sizes
    cmd_response = self.__send_command(command,b'', response_size)
  File "C:\Users\julia\AppData\Local\Programs\Python\Python310\lib\site-packages\zk\base.py", line 260, in __send_command
    raise ZKNetworkError(str(e))
zk.exception.ZKNetworkError: [WinError 10054] Se ha forzado la interrupción de una conexión existente por el host remoto

[2026-03-24T13:06:21.175855] Error en loop de monitoreo: [WinError 10054] Se ha forzado la interrupción de una conexión existente por el host remoto
Traceback (most recent call last):
  File "C:\Users\julia\AppData\Local\Programs\Python\Python310\lib\site-packages\zk\base.py", line 248, in __send_command
    self.__sock.send(top)
ConnectionResetError: [WinError 10054] Se ha forzado la interrupción de una conexión existente por el host remoto

During handling of the above exception, another exception occurred:

Traceback (most recent call last):
  File "c:\Users\julia\Documents\GitHub\Python_0_to_hero\Ejercicios\Biometricos\EJ 01.py", line 257, in monitorear_acciones_dispositivo
    logs = conn.get_attendance() or []
  File "C:\Users\julia\AppData\Local\Programs\Python\Python310\lib\site-packages\zk\base.py", line 1547, in get_attendance
    self.read_sizes()
  File "C:\Users\julia\AppData\Local\Programs\Python\Python310\lib\site-packages\zk\base.py", line 658, in read_sizes
    cmd_response = self.__send_command(command,b'', response_size)
  File "C:\Users\julia\AppData\Local\Programs\Python\Python310\lib\site-packages\zk\base.py", line 260, in __send_command
    raise ZKNetworkError(str(e))
zk.exception.ZKNetworkError: [WinError 10054] Se ha forzado la interrupción de una conexión existente por el host remoto

[2026-03-24T13:06:24.189487] Error en loop de monitoreo: [WinError 10054] Se ha forzado la interrupción de una conexión existente por el host remoto
Traceback (most recent call last):
  File "C:\Users\julia\AppData\Local\Programs\Python\Python310\lib\site-packages\zk\base.py", line 248, in __send_command
    self.__sock.send(top)
ConnectionResetError: [WinError 10054] Se ha forzado la interrupción de una conexión existente por el host remoto

During handling of the above exception, another exception occurred:

Traceback (most recent call last):
  File "c:\Users\julia\Documents\GitHub\Python_0_to_hero\Ejercicios\Biometricos\EJ 01.py", line 257, in monitorear_acciones_dispositivo
    logs = conn.get_attendance() or []
  File "C:\Users\julia\AppData\Local\Programs\Python\Python310\lib\site-packages\zk\base.py", line 1547, in get_attendance
    self.read_sizes()
  File "C:\Users\julia\AppData\Local\Programs\Python\Python310\lib\site-packages\zk\base.py", line 658, in read_sizes
    cmd_response = self.__send_command(command,b'', response_size)
  File "C:\Users\julia\AppData\Local\Programs\Python\Python310\lib\site-packages\zk\base.py", line 260, in __send_command
    raise ZKNetworkError(str(e))
zk.exception.ZKNetworkError: [WinError 10054] Se ha forzado la interrupción de una conexión existente por el host remoto

[2026-03-24T13:06:27.193399] Error en loop de monitoreo: [WinError 10054] Se ha forzado la interrupción de una conexión existente por el host remoto
Traceback (most recent call last):
  File "C:\Users\julia\AppData\Local\Programs\Python\Python310\lib\site-packages\zk\base.py", line 248, in __send_command
    self.__sock.send(top)
ConnectionResetError: [WinError 10054] Se ha forzado la interrupción de una conexión existente por el host remoto

During handling of the above exception, another exception occurred:

Traceback (most recent call last):
  File "c:\Users\julia\Documents\GitHub\Python_0_to_hero\Ejercicios\Biometricos\EJ 01.py", line 257, in monitorear_acciones_dispositivo
    logs = conn.get_attendance() or []
  File "C:\Users\julia\AppData\Local\Programs\Python\Python310\lib\site-packages\zk\base.py", line 1547, in get_attendance
    self.read_sizes()
  File "C:\Users\julia\AppData\Local\Programs\Python\Python310\lib\site-packages\zk\base.py", line 658, in read_sizes
    cmd_response = self.__send_command(command,b'', response_size)
  File "C:\Users\julia\AppData\Local\Programs\Python\Python310\lib\site-packages\zk\base.py", line 260, in __send_command
    raise ZKNetworkError(str(e))
zk.exception.ZKNetworkError: [WinError 10054] Se ha forzado la interrupción de una conexión existente por el host remoto

[2026-03-24T13:06:30.204286] Error en loop de monitoreo: [WinError 10054] Se ha forzado la interrupción de una conexión existente por el host remoto
Traceback (most recent call last):
  File "C:\Users\julia\AppData\Local\Programs\Python\Python310\lib\site-packages\zk\base.py", line 248, in __send_command
    self.__sock.send(top)
ConnectionResetError: [WinError 10054] Se ha forzado la interrupción de una conexión existente por el host remoto

During handling of the above exception, another exception occurred:

Traceback (most recent call last):
  File "c:\Users\julia\Documents\GitHub\Python_0_to_hero\Ejercicios\Biometricos\EJ 01.py", line 257, in monitorear_acciones_dispositivo
    logs = conn.get_attendance() or []
  File "C:\Users\julia\AppData\Local\Programs\Python\Python310\lib\site-packages\zk\base.py", line 1547, in get_attendance
    self.read_sizes()
  File "C:\Users\julia\AppData\Local\Programs\Python\Python310\lib\site-packages\zk\base.py", line 658, in read_sizes
    cmd_response = self.__send_command(command,b'', response_size)
  File "C:\Users\julia\AppData\Local\Programs\Python\Python310\lib\site-packages\zk\base.py", line 260, in __send_command
    raise ZKNetworkError(str(e))
zk.exception.ZKNetworkError: [WinError 10054] Se ha forzado la interrupción de una conexión existente por el host remoto

[2026-03-24T13:06:33.214061] Error en loop de monitoreo: [WinError 10054] Se ha forzado la interrupción de una conexión existente por el host remoto
Traceback (most recent call last):
  File "C:\Users\julia\AppData\Local\Programs\Python\Python310\lib\site-packages\zk\base.py", line 248, in __send_command
    self.__sock.send(top)
ConnectionResetError: [WinError 10054] Se ha forzado la interrupción de una conexión existente por el host remoto

During handling of the above exception, another exception occurred:

Traceback (most recent call last):
  File "c:\Users\julia\Documents\GitHub\Python_0_to_hero\Ejercicios\Biometricos\EJ 01.py", line 257, in monitorear_acciones_dispositivo
    logs = conn.get_attendance() or []
  File "C:\Users\julia\AppData\Local\Programs\Python\Python310\lib\site-packages\zk\base.py", line 1547, in get_attendance
    self.read_sizes()
  File "C:\Users\julia\AppData\Local\Programs\Python\Python310\lib\site-packages\zk\base.py", line 658, in read_sizes
    cmd_response = self.__send_command(command,b'', response_size)
  File "C:\Users\julia\AppData\Local\Programs\Python\Python310\lib\site-packages\zk\base.py", line 260, in __send_command
    raise ZKNetworkError(str(e))
zk.exception.ZKNetworkError: [WinError 10054] Se ha forzado la interrupción de una conexión existente por el host remoto

[2026-03-24T13:06:36.227552] Error en loop de monitoreo: [WinError 10054] Se ha forzado la interrupción de una conexión existente por el host remoto
Traceback (most recent call last):
  File "C:\Users\julia\AppData\Local\Programs\Python\Python310\lib\site-packages\zk\base.py", line 248, in __send_command
    self.__sock.send(top)
ConnectionResetError: [WinError 10054] Se ha forzado la interrupción de una conexión existente por el host remoto

During handling of the above exception, another exception occurred:

Traceback (most recent call last):
  File "c:\Users\julia\Documents\GitHub\Python_0_to_hero\Ejercicios\Biometricos\EJ 01.py", line 257, in monitorear_acciones_dispositivo
    logs = conn.get_attendance() or []
  File "C:\Users\julia\AppData\Local\Programs\Python\Python310\lib\site-packages\zk\base.py", line 1547, in get_attendance
    self.read_sizes()
  File "C:\Users\julia\AppData\Local\Programs\Python\Python310\lib\site-packages\zk\base.py", line 658, in read_sizes
    cmd_response = self.__send_command(command,b'', response_size)
  File "C:\Users\julia\AppData\Local\Programs\Python\Python310\lib\site-packages\zk\base.py", line 260, in __send_command
    raise ZKNetworkError(str(e))
zk.exception.ZKNetworkError: [WinError 10054] Se ha forzado la interrupción de una conexión existente por el host remoto

[2026-03-24T13:06:39.238427] Error en loop de monitoreo: [WinError 10054] Se ha forzado la interrupción de una conexión existente por el host remoto
Traceback (most recent call last):
  File "C:\Users\julia\AppData\Local\Programs\Python\Python310\lib\site-packages\zk\base.py", line 248, in __send_command
    self.__sock.send(top)
ConnectionResetError: [WinError 10054] Se ha forzado la interrupción de una conexión existente por el host remoto

During handling of the above exception, another exception occurred:

Traceback (most recent call last):
  File "c:\Users\julia\Documents\GitHub\Python_0_to_hero\Ejercicios\Biometricos\EJ 01.py", line 257, in monitorear_acciones_dispositivo
    logs = conn.get_attendance() or []
  File "C:\Users\julia\AppData\Local\Programs\Python\Python310\lib\site-packages\zk\base.py", line 1547, in get_attendance
    self.read_sizes()
  File "C:\Users\julia\AppData\Local\Programs\Python\Python310\lib\site-packages\zk\base.py", line 658, in read_sizes
    cmd_response = self.__send_command(command,b'', response_size)
  File "C:\Users\julia\AppData\Local\Programs\Python\Python310\lib\site-packages\zk\base.py", line 260, in __send_command
    raise ZKNetworkError(str(e))
zk.exception.ZKNetworkError: [WinError 10054] Se ha forzado la interrupción de una conexión existente por el host remoto

[2026-03-24T13:06:42.241105] Error en loop de monitoreo: [WinError 10054] Se ha forzado la interrupción de una conexión existente por el host remoto
Traceback (most recent call last):
  File "C:\Users\julia\AppData\Local\Programs\Python\Python310\lib\site-packages\zk\base.py", line 248, in __send_command
    self.__sock.send(top)
ConnectionResetError: [WinError 10054] Se ha forzado la interrupción de una conexión existente por el host remoto

During handling of the above exception, another exception occurred:

Traceback (most recent call last):
  File "c:\Users\julia\Documents\GitHub\Python_0_to_hero\Ejercicios\Biometricos\EJ 01.py", line 257, in monitorear_acciones_dispositivo
    logs = conn.get_attendance() or []
  File "C:\Users\julia\AppData\Local\Programs\Python\Python310\lib\site-packages\zk\base.py", line 1547, in get_attendance
    self.read_sizes()
  File "C:\Users\julia\AppData\Local\Programs\Python\Python310\lib\site-packages\zk\base.py", line 658, in read_sizes
    cmd_response = self.__send_command(command,b'', response_size)
  File "C:\Users\julia\AppData\Local\Programs\Python\Python310\lib\site-packages\zk\base.py", line 260, in __send_command
    raise ZKNetworkError(str(e))
zk.exception.ZKNetworkError: [WinError 10054] Se ha forzado la interrupción de una conexión existente por el host remoto

[2026-03-24T13:06:45.245686] Error en loop de monitoreo: [WinError 10054] Se ha forzado la interrupción de una conexión existente por el host remoto
Traceback (most recent call last):
  File "C:\Users\julia\AppData\Local\Programs\Python\Python310\lib\site-packages\zk\base.py", line 248, in __send_command
    self.__sock.send(top)
ConnectionResetError: [WinError 10054] Se ha forzado la interrupción de una conexión existente por el host remoto

During handling of the above exception, another exception occurred:

Traceback (most recent call last):
  File "c:\Users\julia\Documents\GitHub\Python_0_to_hero\Ejercicios\Biometricos\EJ 01.py", line 257, in monitorear_acciones_dispositivo
    logs = conn.get_attendance() or []
  File "C:\Users\julia\AppData\Local\Programs\Python\Python310\lib\site-packages\zk\base.py", line 1547, in get_attendance
    self.read_sizes()
  File "C:\Users\julia\AppData\Local\Programs\Python\Python310\lib\site-packages\zk\base.py", line 658, in read_sizes
    cmd_response = self.__send_command(command,b'', response_size)
  File "C:\Users\julia\AppData\Local\Programs\Python\Python310\lib\site-packages\zk\base.py", line 260, in __send_command
    raise ZKNetworkError(str(e))
zk.exception.ZKNetworkError: [WinError 10054] Se ha forzado la interrupción de una conexión existente por el host remoto

[2026-03-24T13:06:48.246807] Error en loop de monitoreo: [WinError 10054] Se ha forzado la interrupción de una conexión existente por el host remoto
Traceback (most recent call last):
  File "C:\Users\julia\AppData\Local\Programs\Python\Python310\lib\site-packages\zk\base.py", line 248, in __send_command
    self.__sock.send(top)
ConnectionResetError: [WinError 10054] Se ha forzado la interrupción de una conexión existente por el host remoto

During handling of the above exception, another exception occurred:

Traceback (most recent call last):
  File "c:\Users\julia\Documents\GitHub\Python_0_to_hero\Ejercicios\Biometricos\EJ 01.py", line 257, in monitorear_acciones_dispositivo
    logs = conn.get_attendance() or []
  File "C:\Users\julia\AppData\Local\Programs\Python\Python310\lib\site-packages\zk\base.py", line 1547, in get_attendance
    self.read_sizes()
  File "C:\Users\julia\AppData\Local\Programs\Python\Python310\lib\site-packages\zk\base.py", line 658, in read_sizes
    cmd_response = self.__send_command(command,b'', response_size)
  File "C:\Users\julia\AppData\Local\Programs\Python\Python310\lib\site-packages\zk\base.py", line 260, in __send_command
    raise ZKNetworkError(str(e))
zk.exception.ZKNetworkError: [WinError 10054] Se ha forzado la interrupción de una conexión existente por el host remoto

[2026-03-24T13:06:51.258826] Error en loop de monitoreo: [WinError 10054] Se ha forzado la interrupción de una conexión existente por el host remoto
Traceback (most recent call last):
  File "C:\Users\julia\AppData\Local\Programs\Python\Python310\lib\site-packages\zk\base.py", line 248, in __send_command
    self.__sock.send(top)
ConnectionResetError: [WinError 10054] Se ha forzado la interrupción de una conexión existente por el host remoto

During handling of the above exception, another exception occurred:

Traceback (most recent call last):
  File "c:\Users\julia\Documents\GitHub\Python_0_to_hero\Ejercicios\Biometricos\EJ 01.py", line 257, in monitorear_acciones_dispositivo
    logs = conn.get_attendance() or []
  File "C:\Users\julia\AppData\Local\Programs\Python\Python310\lib\site-packages\zk\base.py", line 1547, in get_attendance
    self.read_sizes()
  File "C:\Users\julia\AppData\Local\Programs\Python\Python310\lib\site-packages\zk\base.py", line 658, in read_sizes
    cmd_response = self.__send_command(command,b'', response_size)
  File "C:\Users\julia\AppData\Local\Programs\Python\Python310\lib\site-packages\zk\base.py", line 260, in __send_command
    raise ZKNetworkError(str(e))
zk.exception.ZKNetworkError: [WinError 10054] Se ha forzado la interrupción de una conexión existente por el host remoto

[2026-03-24T13:06:54.273861] Error en loop de monitoreo: [WinError 10054] Se ha forzado la interrupción de una conexión existente por el host remoto
Traceback (most recent call last):
  File "C:\Users\julia\AppData\Local\Programs\Python\Python310\lib\site-packages\zk\base.py", line 248, in __send_command
    self.__sock.send(top)
ConnectionResetError: [WinError 10054] Se ha forzado la interrupción de una conexión existente por el host remoto

During handling of the above exception, another exception occurred:

Traceback (most recent call last):
  File "c:\Users\julia\Documents\GitHub\Python_0_to_hero\Ejercicios\Biometricos\EJ 01.py", line 257, in monitorear_acciones_dispositivo
    logs = conn.get_attendance() or []
  File "C:\Users\julia\AppData\Local\Programs\Python\Python310\lib\site-packages\zk\base.py", line 1547, in get_attendance
    self.read_sizes()
  File "C:\Users\julia\AppData\Local\Programs\Python\Python310\lib\site-packages\zk\base.py", line 658, in read_sizes
    cmd_response = self.__send_command(command,b'', response_size)
  File "C:\Users\julia\AppData\Local\Programs\Python\Python310\lib\site-packages\zk\base.py", line 260, in __send_command
    raise ZKNetworkError(str(e))
zk.exception.ZKNetworkError: [WinError 10054] Se ha forzado la interrupción de una conexión existente por el host remoto

[2026-03-24T13:06:57.293978] Error en loop de monitoreo: [WinError 10054] Se ha forzado la interrupción de una conexión existente por el host remoto
Traceback (most recent call last):
  File "C:\Users\julia\AppData\Local\Programs\Python\Python310\lib\site-packages\zk\base.py", line 248, in __send_command
    self.__sock.send(top)
ConnectionResetError: [WinError 10054] Se ha forzado la interrupción de una conexión existente por el host remoto

During handling of the above exception, another exception occurred:

Traceback (most recent call last):
  File "c:\Users\julia\Documents\GitHub\Python_0_to_hero\Ejercicios\Biometricos\EJ 01.py", line 257, in monitorear_acciones_dispositivo
    logs = conn.get_attendance() or []
  File "C:\Users\julia\AppData\Local\Programs\Python\Python310\lib\site-packages\zk\base.py", line 1547, in get_attendance
    self.read_sizes()
  File "C:\Users\julia\AppData\Local\Programs\Python\Python310\lib\site-packages\zk\base.py", line 658, in read_sizes
    cmd_response = self.__send_command(command,b'', response_size)
  File "C:\Users\julia\AppData\Local\Programs\Python\Python310\lib\site-packages\zk\base.py", line 260, in __send_command
    raise ZKNetworkError(str(e))
zk.exception.ZKNetworkError: [WinError 10054] Se ha forzado la interrupción de una conexión existente por el host remoto

[2026-03-24T13:07:00.302195] Error en loop de monitoreo: [WinError 10054] Se ha forzado la interrupción de una conexión existente por el host remoto
Traceback (most recent call last):
  File "C:\Users\julia\AppData\Local\Programs\Python\Python310\lib\site-packages\zk\base.py", line 248, in __send_command
    self.__sock.send(top)
ConnectionResetError: [WinError 10054] Se ha forzado la interrupción de una conexión existente por el host remoto

During handling of the above exception, another exception occurred:

Traceback (most recent call last):
  File "c:\Users\julia\Documents\GitHub\Python_0_to_hero\Ejercicios\Biometricos\EJ 01.py", line 257, in monitorear_acciones_dispositivo
    logs = conn.get_attendance() or []
  File "C:\Users\julia\AppData\Local\Programs\Python\Python310\lib\site-packages\zk\base.py", line 1547, in get_attendance
    self.read_sizes()
  File "C:\Users\julia\AppData\Local\Programs\Python\Python310\lib\site-packages\zk\base.py", line 658, in read_sizes
    cmd_response = self.__send_command(command,b'', response_size)
  File "C:\Users\julia\AppData\Local\Programs\Python\Python310\lib\site-packages\zk\base.py", line 260, in __send_command
    raise ZKNetworkError(str(e))
zk.exception.ZKNetworkError: [WinError 10054] Se ha forzado la interrupción de una conexión existente por el host remoto

[2026-03-24T13:07:03.311370] Error en loop de monitoreo: [WinError 10054] Se ha forzado la interrupción de una conexión existente por el host remoto
Traceback (most recent call last):
  File "C:\Users\julia\AppData\Local\Programs\Python\Python310\lib\site-packages\zk\base.py", line 248, in __send_command
    self.__sock.send(top)
ConnectionResetError: [WinError 10054] Se ha forzado la interrupción de una conexión existente por el host remoto

During handling of the above exception, another exception occurred:

Traceback (most recent call last):
  File "c:\Users\julia\Documents\GitHub\Python_0_to_hero\Ejercicios\Biometricos\EJ 01.py", line 257, in monitorear_acciones_dispositivo
    logs = conn.get_attendance() or []
  File "C:\Users\julia\AppData\Local\Programs\Python\Python310\lib\site-packages\zk\base.py", line 1547, in get_attendance
    self.read_sizes()
  File "C:\Users\julia\AppData\Local\Programs\Python\Python310\lib\site-packages\zk\base.py", line 658, in read_sizes
    cmd_response = self.__send_command(command,b'', response_size)
  File "C:\Users\julia\AppData\Local\Programs\Python\Python310\lib\site-packages\zk\base.py", line 260, in __send_command
    raise ZKNetworkError(str(e))
zk.exception.ZKNetworkError: [WinError 10054] Se ha forzado la interrupción de una conexión existente por el host remoto

[2026-03-24T13:07:06.329664] Error en loop de monitoreo: [WinError 10054] Se ha forzado la interrupción de una conexión existente por el host remoto
Traceback (most recent call last):
  File "C:\Users\julia\AppData\Local\Programs\Python\Python310\lib\site-packages\zk\base.py", line 248, in __send_command
    self.__sock.send(top)
ConnectionResetError: [WinError 10054] Se ha forzado la interrupción de una conexión existente por el host remoto

During handling of the above exception, another exception occurred:

Traceback (most recent call last):
  File "c:\Users\julia\Documents\GitHub\Python_0_to_hero\Ejercicios\Biometricos\EJ 01.py", line 257, in monitorear_acciones_dispositivo
    logs = conn.get_attendance() or []
  File "C:\Users\julia\AppData\Local\Programs\Python\Python310\lib\site-packages\zk\base.py", line 1547, in get_attendance
    self.read_sizes()
  File "C:\Users\julia\AppData\Local\Programs\Python\Python310\lib\site-packages\zk\base.py", line 658, in read_sizes
    cmd_response = self.__send_command(command,b'', response_size)
  File "C:\Users\julia\AppData\Local\Programs\Python\Python310\lib\site-packages\zk\base.py", line 260, in __send_command
    raise ZKNetworkError(str(e))
zk.exception.ZKNetworkError: [WinError 10054] Se ha forzado la interrupción de una conexión existente por el host remoto

[2026-03-24T13:07:09.347802] Error en loop de monitoreo: [WinError 10054] Se ha forzado la interrupción de una conexión existente por el host remoto
Traceback (most recent call last):
  File "C:\Users\julia\AppData\Local\Programs\Python\Python310\lib\site-packages\zk\base.py", line 248, in __send_command
    self.__sock.send(top)
ConnectionResetError: [WinError 10054] Se ha forzado la interrupción de una conexión existente por el host remoto

During handling of the above exception, another exception occurred:

Traceback (most recent call last):
  File "c:\Users\julia\Documents\GitHub\Python_0_to_hero\Ejercicios\Biometricos\EJ 01.py", line 257, in monitorear_acciones_dispositivo
    logs = conn.get_attendance() or []
  File "C:\Users\julia\AppData\Local\Programs\Python\Python310\lib\site-packages\zk\base.py", line 1547, in get_attendance
    self.read_sizes()
  File "C:\Users\julia\AppData\Local\Programs\Python\Python310\lib\site-packages\zk\base.py", line 658, in read_sizes
    cmd_response = self.__send_command(command,b'', response_size)
  File "C:\Users\julia\AppData\Local\Programs\Python\Python310\lib\site-packages\zk\base.py", line 260, in __send_command
    raise ZKNetworkError(str(e))
zk.exception.ZKNetworkError: [WinError 10054] Se ha forzado la interrupción de una conexión existente por el host remoto

[2026-03-24T13:07:12.373738] Error en loop de monitoreo: [WinError 10054] Se ha forzado la interrupción de una conexión existente por el host remoto
Traceback (most recent call last):
  File "C:\Users\julia\AppData\Local\Programs\Python\Python310\lib\site-packages\zk\base.py", line 248, in __send_command
    self.__sock.send(top)
ConnectionResetError: [WinError 10054] Se ha forzado la interrupción de una conexión existente por el host remoto

During handling of the above exception, another exception occurred:

Traceback (most recent call last):
  File "c:\Users\julia\Documents\GitHub\Python_0_to_hero\Ejercicios\Biometricos\EJ 01.py", line 257, in monitorear_acciones_dispositivo
    logs = conn.get_attendance() or []
  File "C:\Users\julia\AppData\Local\Programs\Python\Python310\lib\site-packages\zk\base.py", line 1547, in get_attendance
    self.read_sizes()
  File "C:\Users\julia\AppData\Local\Programs\Python\Python310\lib\site-packages\zk\base.py", line 658, in read_sizes
    cmd_response = self.__send_command(command,b'', response_size)
  File "C:\Users\julia\AppData\Local\Programs\Python\Python310\lib\site-packages\zk\base.py", line 260, in __send_command
    raise ZKNetworkError(str(e))
zk.exception.ZKNetworkError: [WinError 10054] Se ha forzado la interrupción de una conexión existente por el host remoto

[2026-03-24T13:07:15.378659] Error en loop de monitoreo: [WinError 10054] Se ha forzado la interrupción de una conexión existente por el host remoto
Traceback (most recent call last):
  File "C:\Users\julia\AppData\Local\Programs\Python\Python310\lib\site-packages\zk\base.py", line 248, in __send_command
    self.__sock.send(top)
ConnectionResetError: [WinError 10054] Se ha forzado la interrupción de una conexión existente por el host remoto

During handling of the above exception, another exception occurred:

Traceback (most recent call last):
  File "c:\Users\julia\Documents\GitHub\Python_0_to_hero\Ejercicios\Biometricos\EJ 01.py", line 257, in monitorear_acciones_dispositivo
    logs = conn.get_attendance() or []
  File "C:\Users\julia\AppData\Local\Programs\Python\Python310\lib\site-packages\zk\base.py", line 1547, in get_attendance
    self.read_sizes()
  File "C:\Users\julia\AppData\Local\Programs\Python\Python310\lib\site-packages\zk\base.py", line 658, in read_sizes
    cmd_response = self.__send_command(command,b'', response_size)
  File "C:\Users\julia\AppData\Local\Programs\Python\Python310\lib\site-packages\zk\base.py", line 260, in __send_command
    raise ZKNetworkError(str(e))
zk.exception.ZKNetworkError: [WinError 10054] Se ha forzado la interrupción de una conexión existente por el host remoto

[2026-03-24T13:07:18.384782] Error en loop de monitoreo: [WinError 10054] Se ha forzado la interrupción de una conexión existente por el host remoto
Traceback (most recent call last):
  File "C:\Users\julia\AppData\Local\Programs\Python\Python310\lib\site-packages\zk\base.py", line 248, in __send_command
    self.__sock.send(top)
ConnectionResetError: [WinError 10054] Se ha forzado la interrupción de una conexión existente por el host remoto

During handling of the above exception, another exception occurred:

Traceback (most recent call last):
  File "c:\Users\julia\Documents\GitHub\Python_0_to_hero\Ejercicios\Biometricos\EJ 01.py", line 257, in monitorear_acciones_dispositivo
    logs = conn.get_attendance() or []
  File "C:\Users\julia\AppData\Local\Programs\Python\Python310\lib\site-packages\zk\base.py", line 1547, in get_attendance
    self.read_sizes()
  File "C:\Users\julia\AppData\Local\Programs\Python\Python310\lib\site-packages\zk\base.py", line 658, in read_sizes
    cmd_response = self.__send_command(command,b'', response_size)
  File "C:\Users\julia\AppData\Local\Programs\Python\Python310\lib\site-packages\zk\base.py", line 260, in __send_command
    raise ZKNetworkError(str(e))
zk.exception.ZKNetworkError: [WinError 10054] Se ha forzado la interrupción de una conexión existente por el host remoto

[2026-03-24T13:07:21.387130] Error en loop de monitoreo: [WinError 10054] Se ha forzado la interrupción de una conexión existente por el host remoto
Traceback (most recent call last):
  File "C:\Users\julia\AppData\Local\Programs\Python\Python310\lib\site-packages\zk\base.py", line 248, in __send_command
    self.__sock.send(top)
ConnectionResetError: [WinError 10054] Se ha forzado la interrupción de una conexión existente por el host remoto

During handling of the above exception, another exception occurred:

Traceback (most recent call last):
  File "c:\Users\julia\Documents\GitHub\Python_0_to_hero\Ejercicios\Biometricos\EJ 01.py", line 257, in monitorear_acciones_dispositivo
    logs = conn.get_attendance() or []
  File "C:\Users\julia\AppData\Local\Programs\Python\Python310\lib\site-packages\zk\base.py", line 1547, in get_attendance
    self.read_sizes()
  File "C:\Users\julia\AppData\Local\Programs\Python\Python310\lib\site-packages\zk\base.py", line 658, in read_sizes
    cmd_response = self.__send_command(command,b'', response_size)
  File "C:\Users\julia\AppData\Local\Programs\Python\Python310\lib\site-packages\zk\base.py", line 260, in __send_command
    raise ZKNetworkError(str(e))
zk.exception.ZKNetworkError: [WinError 10054] Se ha forzado la interrupción de una conexión existente por el host remoto

[2026-03-24T13:07:24.395677] Error en loop de monitoreo: [WinError 10054] Se ha forzado la interrupción de una conexión existente por el host remoto
Traceback (most recent call last):
  File "C:\Users\julia\AppData\Local\Programs\Python\Python310\lib\site-packages\zk\base.py", line 248, in __send_command
    self.__sock.send(top)
ConnectionResetError: [WinError 10054] Se ha forzado la interrupción de una conexión existente por el host remoto

During handling of the above exception, another exception occurred:

Traceback (most recent call last):
  File "c:\Users\julia\Documents\GitHub\Python_0_to_hero\Ejercicios\Biometricos\EJ 01.py", line 257, in monitorear_acciones_dispositivo
    logs = conn.get_attendance() or []
  File "C:\Users\julia\AppData\Local\Programs\Python\Python310\lib\site-packages\zk\base.py", line 1547, in get_attendance
    self.read_sizes()
  File "C:\Users\julia\AppData\Local\Programs\Python\Python310\lib\site-packages\zk\base.py", line 658, in read_sizes
    cmd_response = self.__send_command(command,b'', response_size)
  File "C:\Users\julia\AppData\Local\Programs\Python\Python310\lib\site-packages\zk\base.py", line 260, in __send_command
    raise ZKNetworkError(str(e))
zk.exception.ZKNetworkError: [WinError 10054] Se ha forzado la interrupción de una conexión existente por el host remoto

[2026-03-24T13:07:27.405975] Error en loop de monitoreo: [WinError 10054] Se ha forzado la interrupción de una conexión existente por el host remoto
Traceback (most recent call last):
  File "C:\Users\julia\AppData\Local\Programs\Python\Python310\lib\site-packages\zk\base.py", line 248, in __send_command
    self.__sock.send(top)
ConnectionResetError: [WinError 10054] Se ha forzado la interrupción de una conexión existente por el host remoto

During handling of the above exception, another exception occurred:

Traceback (most recent call last):
  File "c:\Users\julia\Documents\GitHub\Python_0_to_hero\Ejercicios\Biometricos\EJ 01.py", line 257, in monitorear_acciones_dispositivo
    logs = conn.get_attendance() or []
  File "C:\Users\julia\AppData\Local\Programs\Python\Python310\lib\site-packages\zk\base.py", line 1547, in get_attendance
    self.read_sizes()
  File "C:\Users\julia\AppData\Local\Programs\Python\Python310\lib\site-packages\zk\base.py", line 658, in read_sizes
    cmd_response = self.__send_command(command,b'', response_size)
  File "C:\Users\julia\AppData\Local\Programs\Python\Python310\lib\site-packages\zk\base.py", line 260, in __send_command
    raise ZKNetworkError(str(e))
zk.exception.ZKNetworkError: [WinError 10054] Se ha forzado la interrupción de una conexión existente por el host remoto

[2026-03-24T13:07:30.417982] Error en loop de monitoreo: [WinError 10054] Se ha forzado la interrupción de una conexión existente por el host remoto
Traceback (most recent call last):
  File "C:\Users\julia\AppData\Local\Programs\Python\Python310\lib\site-packages\zk\base.py", line 248, in __send_command
    self.__sock.send(top)
ConnectionResetError: [WinError 10054] Se ha forzado la interrupción de una conexión existente por el host remoto

During handling of the above exception, another exception occurred:

Traceback (most recent call last):
  File "c:\Users\julia\Documents\GitHub\Python_0_to_hero\Ejercicios\Biometricos\EJ 01.py", line 257, in monitorear_acciones_dispositivo
    logs = conn.get_attendance() or []
  File "C:\Users\julia\AppData\Local\Programs\Python\Python310\lib\site-packages\zk\base.py", line 1547, in get_attendance
    self.read_sizes()
  File "C:\Users\julia\AppData\Local\Programs\Python\Python310\lib\site-packages\zk\base.py", line 658, in read_sizes
    cmd_response = self.__send_command(command,b'', response_size)
  File "C:\Users\julia\AppData\Local\Programs\Python\Python310\lib\site-packages\zk\base.py", line 260, in __send_command
    raise ZKNetworkError(str(e))
zk.exception.ZKNetworkError: [WinError 10054] Se ha forzado la interrupción de una conexión existente por el host remoto

[2026-03-24T13:07:33.432669] Error en loop de monitoreo: [WinError 10054] Se ha forzado la interrupción de una conexión existente por el host remoto
Traceback (most recent call last):
  File "C:\Users\julia\AppData\Local\Programs\Python\Python310\lib\site-packages\zk\base.py", line 248, in __send_command
    self.__sock.send(top)
ConnectionResetError: [WinError 10054] Se ha forzado la interrupción de una conexión existente por el host remoto

During handling of the above exception, another exception occurred:

Traceback (most recent call last):
  File "c:\Users\julia\Documents\GitHub\Python_0_to_hero\Ejercicios\Biometricos\EJ 01.py", line 257, in monitorear_acciones_dispositivo
    logs = conn.get_attendance() or []
  File "C:\Users\julia\AppData\Local\Programs\Python\Python310\lib\site-packages\zk\base.py", line 1547, in get_attendance
    self.read_sizes()
  File "C:\Users\julia\AppData\Local\Programs\Python\Python310\lib\site-packages\zk\base.py", line 658, in read_sizes
    cmd_response = self.__send_command(command,b'', response_size)
  File "C:\Users\julia\AppData\Local\Programs\Python\Python310\lib\site-packages\zk\base.py", line 260, in __send_command
    raise ZKNetworkError(str(e))
zk.exception.ZKNetworkError: [WinError 10054] Se ha forzado la interrupción de una conexión existente por el host remoto

[2026-03-24T13:07:36.444320] Error en loop de monitoreo: [WinError 10054] Se ha forzado la interrupción de una conexión existente por el host remoto
Traceback (most recent call last):
  File "C:\Users\julia\AppData\Local\Programs\Python\Python310\lib\site-packages\zk\base.py", line 248, in __send_command
    self.__sock.send(top)
ConnectionResetError: [WinError 10054] Se ha forzado la interrupción de una conexión existente por el host remoto

During handling of the above exception, another exception occurred:

Traceback (most recent call last):
  File "c:\Users\julia\Documents\GitHub\Python_0_to_hero\Ejercicios\Biometricos\EJ 01.py", line 257, in monitorear_acciones_dispositivo
    logs = conn.get_attendance() or []
  File "C:\Users\julia\AppData\Local\Programs\Python\Python310\lib\site-packages\zk\base.py", line 1547, in get_attendance
    self.read_sizes()
  File "C:\Users\julia\AppData\Local\Programs\Python\Python310\lib\site-packages\zk\base.py", line 658, in read_sizes
    cmd_response = self.__send_command(command,b'', response_size)
  File "C:\Users\julia\AppData\Local\Programs\Python\Python310\lib\site-packages\zk\base.py", line 260, in __send_command
    raise ZKNetworkError(str(e))
zk.exception.ZKNetworkError: [WinError 10054] Se ha forzado la interrupción de una conexión existente por el host remoto

[2026-03-24T13:07:39.453622] Error en loop de monitoreo: [WinError 10054] Se ha forzado la interrupción de una conexión existente por el host remoto
Traceback (most recent call last):
  File "C:\Users\julia\AppData\Local\Programs\Python\Python310\lib\site-packages\zk\base.py", line 248, in __send_command
    self.__sock.send(top)
ConnectionResetError: [WinError 10054] Se ha forzado la interrupción de una conexión existente por el host remoto

During handling of the above exception, another exception occurred:

Traceback (most recent call last):
  File "c:\Users\julia\Documents\GitHub\Python_0_to_hero\Ejercicios\Biometricos\EJ 01.py", line 257, in monitorear_acciones_dispositivo
    logs = conn.get_attendance() or []
  File "C:\Users\julia\AppData\Local\Programs\Python\Python310\lib\site-packages\zk\base.py", line 1547, in get_attendance
    self.read_sizes()
  File "C:\Users\julia\AppData\Local\Programs\Python\Python310\lib\site-packages\zk\base.py", line 658, in read_sizes
    cmd_response = self.__send_command(command,b'', response_size)
  File "C:\Users\julia\AppData\Local\Programs\Python\Python310\lib\site-packages\zk\base.py", line 260, in __send_command
    raise ZKNetworkError(str(e))
zk.exception.ZKNetworkError: [WinError 10054] Se ha forzado la interrupción de una conexión existente por el host remoto

[2026-03-24T13:07:42.470690] Error en loop de monitoreo: [WinError 10054] Se ha forzado la interrupción de una conexión existente por el host remoto
Traceback (most recent call last):
  File "C:\Users\julia\AppData\Local\Programs\Python\Python310\lib\site-packages\zk\base.py", line 248, in __send_command
    self.__sock.send(top)
ConnectionResetError: [WinError 10054] Se ha forzado la interrupción de una conexión existente por el host remoto

During handling of the above exception, another exception occurred:

Traceback (most recent call last):
  File "c:\Users\julia\Documents\GitHub\Python_0_to_hero\Ejercicios\Biometricos\EJ 01.py", line 257, in monitorear_acciones_dispositivo
    logs = conn.get_attendance() or []
  File "C:\Users\julia\AppData\Local\Programs\Python\Python310\lib\site-packages\zk\base.py", line 1547, in get_attendance
    self.read_sizes()
  File "C:\Users\julia\AppData\Local\Programs\Python\Python310\lib\site-packages\zk\base.py", line 658, in read_sizes
    cmd_response = self.__send_command(command,b'', response_size)
  File "C:\Users\julia\AppData\Local\Programs\Python\Python310\lib\site-packages\zk\base.py", line 260, in __send_command
    raise ZKNetworkError(str(e))
zk.exception.ZKNetworkError: [WinError 10054] Se ha forzado la interrupción de una conexión existente por el host remoto

[2026-03-24T13:07:45.479617] Error en loop de monitoreo: [WinError 10054] Se ha forzado la interrupción de una conexión existente por el host remoto
Traceback (most recent call last):
  File "C:\Users\julia\AppData\Local\Programs\Python\Python310\lib\site-packages\zk\base.py", line 248, in __send_command
    self.__sock.send(top)
ConnectionResetError: [WinError 10054] Se ha forzado la interrupción de una conexión existente por el host remoto

During handling of the above exception, another exception occurred:

Traceback (most recent call last):
  File "c:\Users\julia\Documents\GitHub\Python_0_to_hero\Ejercicios\Biometricos\EJ 01.py", line 257, in monitorear_acciones_dispositivo
    logs = conn.get_attendance() or []
  File "C:\Users\julia\AppData\Local\Programs\Python\Python310\lib\site-packages\zk\base.py", line 1547, in get_attendance
    self.read_sizes()
  File "C:\Users\julia\AppData\Local\Programs\Python\Python310\lib\site-packages\zk\base.py", line 658, in read_sizes
    cmd_response = self.__send_command(command,b'', response_size)
  File "C:\Users\julia\AppData\Local\Programs\Python\Python310\lib\site-packages\zk\base.py", line 260, in __send_command
    raise ZKNetworkError(str(e))
zk.exception.ZKNetworkError: [WinError 10054] Se ha forzado la interrupción de una conexión existente por el host remoto

[2026-03-24T13:07:48.490439] Error en loop de monitoreo: [WinError 10054] Se ha forzado la interrupción de una conexión existente por el host remoto
Traceback (most recent call last):
  File "C:\Users\julia\AppData\Local\Programs\Python\Python310\lib\site-packages\zk\base.py", line 248, in __send_command
    self.__sock.send(top)
ConnectionResetError: [WinError 10054] Se ha forzado la interrupción de una conexión existente por el host remoto

During handling of the above exception, another exception occurred:

Traceback (most recent call last):
  File "c:\Users\julia\Documents\GitHub\Python_0_to_hero\Ejercicios\Biometricos\EJ 01.py", line 257, in monitorear_acciones_dispositivo
    logs = conn.get_attendance() or []
  File "C:\Users\julia\AppData\Local\Programs\Python\Python310\lib\site-packages\zk\base.py", line 1547, in get_attendance
    self.read_sizes()
  File "C:\Users\julia\AppData\Local\Programs\Python\Python310\lib\site-packages\zk\base.py", line 658, in read_sizes
    cmd_response = self.__send_command(command,b'', response_size)
  File "C:\Users\julia\AppData\Local\Programs\Python\Python310\lib\site-packages\zk\base.py", line 260, in __send_command
    raise ZKNetworkError(str(e))
zk.exception.ZKNetworkError: [WinError 10054] Se ha forzado la interrupción de una conexión existente por el host remoto

[2026-03-24T13:07:51.501102] Error en loop de monitoreo: [WinError 10054] Se ha forzado la interrupción de una conexión existente por el host remoto
Traceback (most recent call last):
  File "C:\Users\julia\AppData\Local\Programs\Python\Python310\lib\site-packages\zk\base.py", line 248, in __send_command
    self.__sock.send(top)
ConnectionResetError: [WinError 10054] Se ha forzado la interrupción de una conexión existente por el host remoto

During handling of the above exception, another exception occurred:

Traceback (most recent call last):
  File "c:\Users\julia\Documents\GitHub\Python_0_to_hero\Ejercicios\Biometricos\EJ 01.py", line 257, in monitorear_acciones_dispositivo
    logs = conn.get_attendance() or []
  File "C:\Users\julia\AppData\Local\Programs\Python\Python310\lib\site-packages\zk\base.py", line 1547, in get_attendance
    self.read_sizes()
  File "C:\Users\julia\AppData\Local\Programs\Python\Python310\lib\site-packages\zk\base.py", line 658, in read_sizes
    cmd_response = self.__send_command(command,b'', response_size)
  File "C:\Users\julia\AppData\Local\Programs\Python\Python310\lib\site-packages\zk\base.py", line 260, in __send_command
    raise ZKNetworkError(str(e))
zk.exception.ZKNetworkError: [WinError 10054] Se ha forzado la interrupción de una conexión existente por el host remoto

[2026-03-24T13:07:54.506259] Error en loop de monitoreo: [WinError 10054] Se ha forzado la interrupción de una conexión existente por el host remoto
Traceback (most recent call last):
  File "C:\Users\julia\AppData\Local\Programs\Python\Python310\lib\site-packages\zk\base.py", line 248, in __send_command
    self.__sock.send(top)
ConnectionResetError: [WinError 10054] Se ha forzado la interrupción de una conexión existente por el host remoto

During handling of the above exception, another exception occurred:

Traceback (most recent call last):
  File "c:\Users\julia\Documents\GitHub\Python_0_to_hero\Ejercicios\Biometricos\EJ 01.py", line 257, in monitorear_acciones_dispositivo
    logs = conn.get_attendance() or []
  File "C:\Users\julia\AppData\Local\Programs\Python\Python310\lib\site-packages\zk\base.py", line 1547, in get_attendance
    self.read_sizes()
  File "C:\Users\julia\AppData\Local\Programs\Python\Python310\lib\site-packages\zk\base.py", line 658, in read_sizes
    cmd_response = self.__send_command(command,b'', response_size)
  File "C:\Users\julia\AppData\Local\Programs\Python\Python310\lib\site-packages\zk\base.py", line 260, in __send_command
    raise ZKNetworkError(str(e))
zk.exception.ZKNetworkError: [WinError 10054] Se ha forzado la interrupción de una conexión existente por el host remoto

[2026-03-24T13:07:57.518674] Error en loop de monitoreo: [WinError 10054] Se ha forzado la interrupción de una conexión existente por el host remoto
Traceback (most recent call last):
  File "C:\Users\julia\AppData\Local\Programs\Python\Python310\lib\site-packages\zk\base.py", line 248, in __send_command
    self.__sock.send(top)
ConnectionResetError: [WinError 10054] Se ha forzado la interrupción de una conexión existente por el host remoto

During handling of the above exception, another exception occurred:

Traceback (most recent call last):
  File "c:\Users\julia\Documents\GitHub\Python_0_to_hero\Ejercicios\Biometricos\EJ 01.py", line 257, in monitorear_acciones_dispositivo
    logs = conn.get_attendance() or []
  File "C:\Users\julia\AppData\Local\Programs\Python\Python310\lib\site-packages\zk\base.py", line 1547, in get_attendance
    self.read_sizes()
  File "C:\Users\julia\AppData\Local\Programs\Python\Python310\lib\site-packages\zk\base.py", line 658, in read_sizes
    cmd_response = self.__send_command(command,b'', response_size)
  File "C:\Users\julia\AppData\Local\Programs\Python\Python310\lib\site-packages\zk\base.py", line 260, in __send_command
    raise ZKNetworkError(str(e))
zk.exception.ZKNetworkError: [WinError 10054] Se ha forzado la interrupción de una conexión existente por el host remoto

[2026-03-24T13:08:00.522401] Error en loop de monitoreo: [WinError 10054] Se ha forzado la interrupción de una conexión existente por el host remoto
Traceback (most recent call last):
  File "C:\Users\julia\AppData\Local\Programs\Python\Python310\lib\site-packages\zk\base.py", line 248, in __send_command
    self.__sock.send(top)
ConnectionResetError: [WinError 10054] Se ha forzado la interrupción de una conexión existente por el host remoto

During handling of the above exception, another exception occurred:

Traceback (most recent call last):
  File "c:\Users\julia\Documents\GitHub\Python_0_to_hero\Ejercicios\Biometricos\EJ 01.py", line 257, in monitorear_acciones_dispositivo
    logs = conn.get_attendance() or []
  File "C:\Users\julia\AppData\Local\Programs\Python\Python310\lib\site-packages\zk\base.py", line 1547, in get_attendance
    self.read_sizes()
  File "C:\Users\julia\AppData\Local\Programs\Python\Python310\lib\site-packages\zk\base.py", line 658, in read_sizes
    cmd_response = self.__send_command(command,b'', response_size)
  File "C:\Users\julia\AppData\Local\Programs\Python\Python310\lib\site-packages\zk\base.py", line 260, in __send_command
    raise ZKNetworkError(str(e))
zk.exception.ZKNetworkError: [WinError 10054] Se ha forzado la interrupción de una conexión existente por el host remoto

[2026-03-24T13:08:03.526130] Error en loop de monitoreo: [WinError 10054] Se ha forzado la interrupción de una conexión existente por el host remoto
Traceback (most recent call last):
  File "C:\Users\julia\AppData\Local\Programs\Python\Python310\lib\site-packages\zk\base.py", line 248, in __send_command
    self.__sock.send(top)
ConnectionResetError: [WinError 10054] Se ha forzado la interrupción de una conexión existente por el host remoto

During handling of the above exception, another exception occurred:

Traceback (most recent call last):
  File "c:\Users\julia\Documents\GitHub\Python_0_to_hero\Ejercicios\Biometricos\EJ 01.py", line 257, in monitorear_acciones_dispositivo
    logs = conn.get_attendance() or []
  File "C:\Users\julia\AppData\Local\Programs\Python\Python310\lib\site-packages\zk\base.py", line 1547, in get_attendance
    self.read_sizes()
  File "C:\Users\julia\AppData\Local\Programs\Python\Python310\lib\site-packages\zk\base.py", line 658, in read_sizes
    cmd_response = self.__send_command(command,b'', response_size)
  File "C:\Users\julia\AppData\Local\Programs\Python\Python310\lib\site-packages\zk\base.py", line 260, in __send_command
    raise ZKNetworkError(str(e))
zk.exception.ZKNetworkError: [WinError 10054] Se ha forzado la interrupción de una conexión existente por el host remoto

[2026-03-24T13:08:06.541847] Error en loop de monitoreo: [WinError 10054] Se ha forzado la interrupción de una conexión existente por el host remoto
Traceback (most recent call last):
  File "C:\Users\julia\AppData\Local\Programs\Python\Python310\lib\site-packages\zk\base.py", line 248, in __send_command
    self.__sock.send(top)
ConnectionResetError: [WinError 10054] Se ha forzado la interrupción de una conexión existente por el host remoto

During handling of the above exception, another exception occurred:

Traceback (most recent call last):
  File "c:\Users\julia\Documents\GitHub\Python_0_to_hero\Ejercicios\Biometricos\EJ 01.py", line 257, in monitorear_acciones_dispositivo
    logs = conn.get_attendance() or []
  File "C:\Users\julia\AppData\Local\Programs\Python\Python310\lib\site-packages\zk\base.py", line 1547, in get_attendance
    self.read_sizes()
  File "C:\Users\julia\AppData\Local\Programs\Python\Python310\lib\site-packages\zk\base.py", line 658, in read_sizes
    cmd_response = self.__send_command(command,b'', response_size)
  File "C:\Users\julia\AppData\Local\Programs\Python\Python310\lib\site-packages\zk\base.py", line 260, in __send_command
    raise ZKNetworkError(str(e))
zk.exception.ZKNetworkError: [WinError 10054] Se ha forzado la interrupción de una conexión existente por el host remoto

[2026-03-24T13:08:09.552299] Error en loop de monitoreo: [WinError 10054] Se ha forzado la interrupción de una conexión existente por el host remoto
Traceback (most recent call last):
  File "C:\Users\julia\AppData\Local\Programs\Python\Python310\lib\site-packages\zk\base.py", line 248, in __send_command
    self.__sock.send(top)
ConnectionResetError: [WinError 10054] Se ha forzado la interrupción de una conexión existente por el host remoto

During handling of the above exception, another exception occurred:

Traceback (most recent call last):
  File "c:\Users\julia\Documents\GitHub\Python_0_to_hero\Ejercicios\Biometricos\EJ 01.py", line 257, in monitorear_acciones_dispositivo
    logs = conn.get_attendance() or []
  File "C:\Users\julia\AppData\Local\Programs\Python\Python310\lib\site-packages\zk\base.py", line 1547, in get_attendance
    self.read_sizes()
  File "C:\Users\julia\AppData\Local\Programs\Python\Python310\lib\site-packages\zk\base.py", line 658, in read_sizes
    cmd_response = self.__send_command(command,b'', response_size)
  File "C:\Users\julia\AppData\Local\Programs\Python\Python310\lib\site-packages\zk\base.py", line 260, in __send_command
    raise ZKNetworkError(str(e))
zk.exception.ZKNetworkError: [WinError 10054] Se ha forzado la interrupción de una conexión existente por el host remoto

[2026-03-24T13:08:12.560882] Error en loop de monitoreo: [WinError 10054] Se ha forzado la interrupción de una conexión existente por el host remoto
Traceback (most recent call last):
  File "C:\Users\julia\AppData\Local\Programs\Python\Python310\lib\site-packages\zk\base.py", line 248, in __send_command
    self.__sock.send(top)
ConnectionResetError: [WinError 10054] Se ha forzado la interrupción de una conexión existente por el host remoto

During handling of the above exception, another exception occurred:

Traceback (most recent call last):
  File "c:\Users\julia\Documents\GitHub\Python_0_to_hero\Ejercicios\Biometricos\EJ 01.py", line 257, in monitorear_acciones_dispositivo
    logs = conn.get_attendance() or []
  File "C:\Users\julia\AppData\Local\Programs\Python\Python310\lib\site-packages\zk\base.py", line 1547, in get_attendance
    self.read_sizes()
  File "C:\Users\julia\AppData\Local\Programs\Python\Python310\lib\site-packages\zk\base.py", line 658, in read_sizes
    cmd_response = self.__send_command(command,b'', response_size)
  File "C:\Users\julia\AppData\Local\Programs\Python\Python310\lib\site-packages\zk\base.py", line 260, in __send_command
    raise ZKNetworkError(str(e))
zk.exception.ZKNetworkError: [WinError 10054] Se ha forzado la interrupción de una conexión existente por el host remoto

[2026-03-24T13:08:15.562970] Error en loop de monitoreo: [WinError 10054] Se ha forzado la interrupción de una conexión existente por el host remoto
Traceback (most recent call last):
  File "C:\Users\julia\AppData\Local\Programs\Python\Python310\lib\site-packages\zk\base.py", line 248, in __send_command
    self.__sock.send(top)
ConnectionResetError: [WinError 10054] Se ha forzado la interrupción de una conexión existente por el host remoto

During handling of the above exception, another exception occurred:

Traceback (most recent call last):
  File "c:\Users\julia\Documents\GitHub\Python_0_to_hero\Ejercicios\Biometricos\EJ 01.py", line 257, in monitorear_acciones_dispositivo
    logs = conn.get_attendance() or []
  File "C:\Users\julia\AppData\Local\Programs\Python\Python310\lib\site-packages\zk\base.py", line 1547, in get_attendance
    self.read_sizes()
  File "C:\Users\julia\AppData\Local\Programs\Python\Python310\lib\site-packages\zk\base.py", line 658, in read_sizes
    cmd_response = self.__send_command(command,b'', response_size)
  File "C:\Users\julia\AppData\Local\Programs\Python\Python310\lib\site-packages\zk\base.py", line 260, in __send_command
    raise ZKNetworkError(str(e))
zk.exception.ZKNetworkError: [WinError 10054] Se ha forzado la interrupción de una conexión existente por el host remoto

[2026-03-24T13:08:18.575944] Error en loop de monitoreo: [WinError 10054] Se ha forzado la interrupción de una conexión existente por el host remoto
Traceback (most recent call last):
  File "C:\Users\julia\AppData\Local\Programs\Python\Python310\lib\site-packages\zk\base.py", line 248, in __send_command
    self.__sock.send(top)
ConnectionResetError: [WinError 10054] Se ha forzado la interrupción de una conexión existente por el host remoto

During handling of the above exception, another exception occurred:

Traceback (most recent call last):
  File "c:\Users\julia\Documents\GitHub\Python_0_to_hero\Ejercicios\Biometricos\EJ 01.py", line 257, in monitorear_acciones_dispositivo
    logs = conn.get_attendance() or []
  File "C:\Users\julia\AppData\Local\Programs\Python\Python310\lib\site-packages\zk\base.py", line 1547, in get_attendance
    self.read_sizes()
  File "C:\Users\julia\AppData\Local\Programs\Python\Python310\lib\site-packages\zk\base.py", line 658, in read_sizes
    cmd_response = self.__send_command(command,b'', response_size)
  File "C:\Users\julia\AppData\Local\Programs\Python\Python310\lib\site-packages\zk\base.py", line 260, in __send_command
    raise ZKNetworkError(str(e))
zk.exception.ZKNetworkError: [WinError 10054] Se ha forzado la interrupción de una conexión existente por el host remoto

[2026-03-24T13:08:21.585112] Error en loop de monitoreo: [WinError 10054] Se ha forzado la interrupción de una conexión existente por el host remoto
Traceback (most recent call last):
  File "C:\Users\julia\AppData\Local\Programs\Python\Python310\lib\site-packages\zk\base.py", line 248, in __send_command
    self.__sock.send(top)
ConnectionResetError: [WinError 10054] Se ha forzado la interrupción de una conexión existente por el host remoto

During handling of the above exception, another exception occurred:

Traceback (most recent call last):
  File "c:\Users\julia\Documents\GitHub\Python_0_to_hero\Ejercicios\Biometricos\EJ 01.py", line 257, in monitorear_acciones_dispositivo
    logs = conn.get_attendance() or []
  File "C:\Users\julia\AppData\Local\Programs\Python\Python310\lib\site-packages\zk\base.py", line 1547, in get_attendance
    self.read_sizes()
  File "C:\Users\julia\AppData\Local\Programs\Python\Python310\lib\site-packages\zk\base.py", line 658, in read_sizes
    cmd_response = self.__send_command(command,b'', response_size)
  File "C:\Users\julia\AppData\Local\Programs\Python\Python310\lib\site-packages\zk\base.py", line 260, in __send_command
    raise ZKNetworkError(str(e))
zk.exception.ZKNetworkError: [WinError 10054] Se ha forzado la interrupción de una conexión existente por el host remoto

[2026-03-24T13:08:24.597438] Error en loop de monitoreo: [WinError 10054] Se ha forzado la interrupción de una conexión existente por el host remoto
Traceback (most recent call last):
  File "C:\Users\julia\AppData\Local\Programs\Python\Python310\lib\site-packages\zk\base.py", line 248, in __send_command
    self.__sock.send(top)
ConnectionResetError: [WinError 10054] Se ha forzado la interrupción de una conexión existente por el host remoto

During handling of the above exception, another exception occurred:

Traceback (most recent call last):
  File "c:\Users\julia\Documents\GitHub\Python_0_to_hero\Ejercicios\Biometricos\EJ 01.py", line 257, in monitorear_acciones_dispositivo
    logs = conn.get_attendance() or []
  File "C:\Users\julia\AppData\Local\Programs\Python\Python310\lib\site-packages\zk\base.py", line 1547, in get_attendance
    self.read_sizes()
  File "C:\Users\julia\AppData\Local\Programs\Python\Python310\lib\site-packages\zk\base.py", line 658, in read_sizes
    cmd_response = self.__send_command(command,b'', response_size)
  File "C:\Users\julia\AppData\Local\Programs\Python\Python310\lib\site-packages\zk\base.py", line 260, in __send_command
    raise ZKNetworkError(str(e))
zk.exception.ZKNetworkError: [WinError 10054] Se ha forzado la interrupción de una conexión existente por el host remoto

[2026-03-24T13:08:27.607227] Error en loop de monitoreo: [WinError 10054] Se ha forzado la interrupción de una conexión existente por el host remoto
Traceback (most recent call last):
  File "C:\Users\julia\AppData\Local\Programs\Python\Python310\lib\site-packages\zk\base.py", line 248, in __send_command
    self.__sock.send(top)
ConnectionResetError: [WinError 10054] Se ha forzado la interrupción de una conexión existente por el host remoto

During handling of the above exception, another exception occurred:

Traceback (most recent call last):
  File "c:\Users\julia\Documents\GitHub\Python_0_to_hero\Ejercicios\Biometricos\EJ 01.py", line 257, in monitorear_acciones_dispositivo
    logs = conn.get_attendance() or []
  File "C:\Users\julia\AppData\Local\Programs\Python\Python310\lib\site-packages\zk\base.py", line 1547, in get_attendance
    self.read_sizes()
  File "C:\Users\julia\AppData\Local\Programs\Python\Python310\lib\site-packages\zk\base.py", line 658, in read_sizes
    cmd_response = self.__send_command(command,b'', response_size)
  File "C:\Users\julia\AppData\Local\Programs\Python\Python310\lib\site-packages\zk\base.py", line 260, in __send_command
    raise ZKNetworkError(str(e))
zk.exception.ZKNetworkError: [WinError 10054] Se ha forzado la interrupción de una conexión existente por el host remoto

[2026-03-24T13:08:30.617067] Error en loop de monitoreo: [WinError 10054] Se ha forzado la interrupción de una conexión existente por el host remoto
Traceback (most recent call last):
  File "C:\Users\julia\AppData\Local\Programs\Python\Python310\lib\site-packages\zk\base.py", line 248, in __send_command
    self.__sock.send(top)
ConnectionResetError: [WinError 10054] Se ha forzado la interrupción de una conexión existente por el host remoto

During handling of the above exception, another exception occurred:

Traceback (most recent call last):
  File "c:\Users\julia\Documents\GitHub\Python_0_to_hero\Ejercicios\Biometricos\EJ 01.py", line 257, in monitorear_acciones_dispositivo
    logs = conn.get_attendance() or []
  File "C:\Users\julia\AppData\Local\Programs\Python\Python310\lib\site-packages\zk\base.py", line 1547, in get_attendance
    self.read_sizes()
  File "C:\Users\julia\AppData\Local\Programs\Python\Python310\lib\site-packages\zk\base.py", line 658, in read_sizes
    cmd_response = self.__send_command(command,b'', response_size)
  File "C:\Users\julia\AppData\Local\Programs\Python\Python310\lib\site-packages\zk\base.py", line 260, in __send_command
    raise ZKNetworkError(str(e))
zk.exception.ZKNetworkError: [WinError 10054] Se ha forzado la interrupción de una conexión existente por el host remoto

[2026-03-24T13:08:33.632548] Error en loop de monitoreo: [WinError 10054] Se ha forzado la interrupción de una conexión existente por el host remoto
Traceback (most recent call last):
  File "C:\Users\julia\AppData\Local\Programs\Python\Python310\lib\site-packages\zk\base.py", line 248, in __send_command
    self.__sock.send(top)
ConnectionResetError: [WinError 10054] Se ha forzado la interrupción de una conexión existente por el host remoto

During handling of the above exception, another exception occurred:

Traceback (most recent call last):
  File "c:\Users\julia\Documents\GitHub\Python_0_to_hero\Ejercicios\Biometricos\EJ 01.py", line 257, in monitorear_acciones_dispositivo
    logs = conn.get_attendance() or []
  File "C:\Users\julia\AppData\Local\Programs\Python\Python310\lib\site-packages\zk\base.py", line 1547, in get_attendance
    self.read_sizes()
  File "C:\Users\julia\AppData\Local\Programs\Python\Python310\lib\site-packages\zk\base.py", line 658, in read_sizes
    cmd_response = self.__send_command(command,b'', response_size)
  File "C:\Users\julia\AppData\Local\Programs\Python\Python310\lib\site-packages\zk\base.py", line 260, in __send_command
    raise ZKNetworkError(str(e))
zk.exception.ZKNetworkError: [WinError 10054] Se ha forzado la interrupción de una conexión existente por el host remoto

[2026-03-24T13:08:36.635564] Error en loop de monitoreo: [WinError 10054] Se ha forzado la interrupción de una conexión existente por el host remoto
Traceback (most recent call last):
  File "C:\Users\julia\AppData\Local\Programs\Python\Python310\lib\site-packages\zk\base.py", line 248, in __send_command
    self.__sock.send(top)
ConnectionResetError: [WinError 10054] Se ha forzado la interrupción de una conexión existente por el host remoto

During handling of the above exception, another exception occurred:

Traceback (most recent call last):
  File "c:\Users\julia\Documents\GitHub\Python_0_to_hero\Ejercicios\Biometricos\EJ 01.py", line 257, in monitorear_acciones_dispositivo
    logs = conn.get_attendance() or []
  File "C:\Users\julia\AppData\Local\Programs\Python\Python310\lib\site-packages\zk\base.py", line 1547, in get_attendance
    self.read_sizes()
  File "C:\Users\julia\AppData\Local\Programs\Python\Python310\lib\site-packages\zk\base.py", line 658, in read_sizes
    cmd_response = self.__send_command(command,b'', response_size)
  File "C:\Users\julia\AppData\Local\Programs\Python\Python310\lib\site-packages\zk\base.py", line 260, in __send_command
    raise ZKNetworkError(str(e))
zk.exception.ZKNetworkError: [WinError 10054] Se ha forzado la interrupción de una conexión existente por el host remoto

[2026-03-24T13:08:39.643483] Error en loop de monitoreo: [WinError 10054] Se ha forzado la interrupción de una conexión existente por el host remoto
Traceback (most recent call last):
  File "C:\Users\julia\AppData\Local\Programs\Python\Python310\lib\site-packages\zk\base.py", line 248, in __send_command
    self.__sock.send(top)
ConnectionResetError: [WinError 10054] Se ha forzado la interrupción de una conexión existente por el host remoto

During handling of the above exception, another exception occurred:

Traceback (most recent call last):
  File "c:\Users\julia\Documents\GitHub\Python_0_to_hero\Ejercicios\Biometricos\EJ 01.py", line 257, in monitorear_acciones_dispositivo
    logs = conn.get_attendance() or []
  File "C:\Users\julia\AppData\Local\Programs\Python\Python310\lib\site-packages\zk\base.py", line 1547, in get_attendance
    self.read_sizes()
  File "C:\Users\julia\AppData\Local\Programs\Python\Python310\lib\site-packages\zk\base.py", line 658, in read_sizes
    cmd_response = self.__send_command(command,b'', response_size)
  File "C:\Users\julia\AppData\Local\Programs\Python\Python310\lib\site-packages\zk\base.py", line 260, in __send_command
    raise ZKNetworkError(str(e))
zk.exception.ZKNetworkError: [WinError 10054] Se ha forzado la interrupción de una conexión existente por el host remoto

[2026-03-24T13:08:42.651253] Error en loop de monitoreo: [WinError 10054] Se ha forzado la interrupción de una conexión existente por el host remoto
Traceback (most recent call last):
  File "C:\Users\julia\AppData\Local\Programs\Python\Python310\lib\site-packages\zk\base.py", line 248, in __send_command
    self.__sock.send(top)
ConnectionResetError: [WinError 10054] Se ha forzado la interrupción de una conexión existente por el host remoto

During handling of the above exception, another exception occurred:

Traceback (most recent call last):
  File "c:\Users\julia\Documents\GitHub\Python_0_to_hero\Ejercicios\Biometricos\EJ 01.py", line 257, in monitorear_acciones_dispositivo
    logs = conn.get_attendance() or []
  File "C:\Users\julia\AppData\Local\Programs\Python\Python310\lib\site-packages\zk\base.py", line 1547, in get_attendance
    self.read_sizes()
  File "C:\Users\julia\AppData\Local\Programs\Python\Python310\lib\site-packages\zk\base.py", line 658, in read_sizes
    cmd_response = self.__send_command(command,b'', response_size)
  File "C:\Users\julia\AppData\Local\Programs\Python\Python310\lib\site-packages\zk\base.py", line 260, in __send_command
    raise ZKNetworkError(str(e))
zk.exception.ZKNetworkError: [WinError 10054] Se ha forzado la interrupción de una conexión existente por el host remoto

[2026-03-24T13:08:45.655633] Error en loop de monitoreo: [WinError 10054] Se ha forzado la interrupción de una conexión existente por el host remoto
Traceback (most recent call last):
  File "C:\Users\julia\AppData\Local\Programs\Python\Python310\lib\site-packages\zk\base.py", line 248, in __send_command
    self.__sock.send(top)
ConnectionResetError: [WinError 10054] Se ha forzado la interrupción de una conexión existente por el host remoto

During handling of the above exception, another exception occurred:

Traceback (most recent call last):
  File "c:\Users\julia\Documents\GitHub\Python_0_to_hero\Ejercicios\Biometricos\EJ 01.py", line 257, in monitorear_acciones_dispositivo
    logs = conn.get_attendance() or []
  File "C:\Users\julia\AppData\Local\Programs\Python\Python310\lib\site-packages\zk\base.py", line 1547, in get_attendance
    self.read_sizes()
  File "C:\Users\julia\AppData\Local\Programs\Python\Python310\lib\site-packages\zk\base.py", line 658, in read_sizes
    cmd_response = self.__send_command(command,b'', response_size)
  File "C:\Users\julia\AppData\Local\Programs\Python\Python310\lib\site-packages\zk\base.py", line 260, in __send_command
    raise ZKNetworkError(str(e))
zk.exception.ZKNetworkError: [WinError 10054] Se ha forzado la interrupción de una conexión existente por el host remoto

[2026-03-24T13:08:48.665954] Error en loop de monitoreo: [WinError 10054] Se ha forzado la interrupción de una conexión existente por el host remoto
Traceback (most recent call last):
  File "C:\Users\julia\AppData\Local\Programs\Python\Python310\lib\site-packages\zk\base.py", line 248, in __send_command
    self.__sock.send(top)
ConnectionResetError: [WinError 10054] Se ha forzado la interrupción de una conexión existente por el host remoto

During handling of the above exception, another exception occurred:

Traceback (most recent call last):
  File "c:\Users\julia\Documents\GitHub\Python_0_to_hero\Ejercicios\Biometricos\EJ 01.py", line 257, in monitorear_acciones_dispositivo
    logs = conn.get_attendance() or []
  File "C:\Users\julia\AppData\Local\Programs\Python\Python310\lib\site-packages\zk\base.py", line 1547, in get_attendance
    self.read_sizes()
  File "C:\Users\julia\AppData\Local\Programs\Python\Python310\lib\site-packages\zk\base.py", line 658, in read_sizes
    cmd_response = self.__send_command(command,b'', response_size)
  File "C:\Users\julia\AppData\Local\Programs\Python\Python310\lib\site-packages\zk\base.py", line 260, in __send_command
    raise ZKNetworkError(str(e))
zk.exception.ZKNetworkError: [WinError 10054] Se ha forzado la interrupción de una conexión existente por el host remoto

[2026-03-24T13:08:51.680114] Error en loop de monitoreo: [WinError 10054] Se ha forzado la interrupción de una conexión existente por el host remoto
Traceback (most recent call last):
  File "C:\Users\julia\AppData\Local\Programs\Python\Python310\lib\site-packages\zk\base.py", line 248, in __send_command
    self.__sock.send(top)
ConnectionResetError: [WinError 10054] Se ha forzado la interrupción de una conexión existente por el host remoto

During handling of the above exception, another exception occurred:

Traceback (most recent call last):
  File "c:\Users\julia\Documents\GitHub\Python_0_to_hero\Ejercicios\Biometricos\EJ 01.py", line 257, in monitorear_acciones_dispositivo
    logs = conn.get_attendance() or []
  File "C:\Users\julia\AppData\Local\Programs\Python\Python310\lib\site-packages\zk\base.py", line 1547, in get_attendance
    self.read_sizes()
  File "C:\Users\julia\AppData\Local\Programs\Python\Python310\lib\site-packages\zk\base.py", line 658, in read_sizes
    cmd_response = self.__send_command(command,b'', response_size)
  File "C:\Users\julia\AppData\Local\Programs\Python\Python310\lib\site-packages\zk\base.py", line 260, in __send_command
    raise ZKNetworkError(str(e))
zk.exception.ZKNetworkError: [WinError 10054] Se ha forzado la interrupción de una conexión existente por el host remoto

[2026-03-24T13:08:54.686264] Error en loop de monitoreo: [WinError 10054] Se ha forzado la interrupción de una conexión existente por el host remoto
Traceback (most recent call last):
  File "C:\Users\julia\AppData\Local\Programs\Python\Python310\lib\site-packages\zk\base.py", line 248, in __send_command
    self.__sock.send(top)
ConnectionResetError: [WinError 10054] Se ha forzado la interrupción de una conexión existente por el host remoto

During handling of the above exception, another exception occurred:

Traceback (most recent call last):
  File "c:\Users\julia\Documents\GitHub\Python_0_to_hero\Ejercicios\Biometricos\EJ 01.py", line 257, in monitorear_acciones_dispositivo
    logs = conn.get_attendance() or []
  File "C:\Users\julia\AppData\Local\Programs\Python\Python310\lib\site-packages\zk\base.py", line 1547, in get_attendance
    self.read_sizes()
  File "C:\Users\julia\AppData\Local\Programs\Python\Python310\lib\site-packages\zk\base.py", line 658, in read_sizes
    cmd_response = self.__send_command(command,b'', response_size)
  File "C:\Users\julia\AppData\Local\Programs\Python\Python310\lib\site-packages\zk\base.py", line 260, in __send_command
    raise ZKNetworkError(str(e))
zk.exception.ZKNetworkError: [WinError 10054] Se ha forzado la interrupción de una conexión existente por el host remoto

[2026-03-24T13:08:57.702476] Error en loop de monitoreo: [WinError 10054] Se ha forzado la interrupción de una conexión existente por el host remoto
Traceback (most recent call last):
  File "C:\Users\julia\AppData\Local\Programs\Python\Python310\lib\site-packages\zk\base.py", line 248, in __send_command
    self.__sock.send(top)
ConnectionResetError: [WinError 10054] Se ha forzado la interrupción de una conexión existente por el host remoto

During handling of the above exception, another exception occurred:

Traceback (most recent call last):
  File "c:\Users\julia\Documents\GitHub\Python_0_to_hero\Ejercicios\Biometricos\EJ 01.py", line 257, in monitorear_acciones_dispositivo
    logs = conn.get_attendance() or []
  File "C:\Users\julia\AppData\Local\Programs\Python\Python310\lib\site-packages\zk\base.py", line 1547, in get_attendance
    self.read_sizes()
  File "C:\Users\julia\AppData\Local\Programs\Python\Python310\lib\site-packages\zk\base.py", line 658, in read_sizes
    cmd_response = self.__send_command(command,b'', response_size)
  File "C:\Users\julia\AppData\Local\Programs\Python\Python310\lib\site-packages\zk\base.py", line 260, in __send_command
    raise ZKNetworkError(str(e))
zk.exception.ZKNetworkError: [WinError 10054] Se ha forzado la interrupción de una conexión existente por el host remoto

[2026-03-24T13:09:00.711864] Error en loop de monitoreo: [WinError 10054] Se ha forzado la interrupción de una conexión existente por el host remoto
Traceback (most recent call last):
  File "C:\Users\julia\AppData\Local\Programs\Python\Python310\lib\site-packages\zk\base.py", line 248, in __send_command
    self.__sock.send(top)
ConnectionResetError: [WinError 10054] Se ha forzado la interrupción de una conexión existente por el host remoto

During handling of the above exception, another exception occurred:

Traceback (most recent call last):
  File "c:\Users\julia\Documents\GitHub\Python_0_to_hero\Ejercicios\Biometricos\EJ 01.py", line 257, in monitorear_acciones_dispositivo
    logs = conn.get_attendance() or []
  File "C:\Users\julia\AppData\Local\Programs\Python\Python310\lib\site-packages\zk\base.py", line 1547, in get_attendance
    self.read_sizes()
  File "C:\Users\julia\AppData\Local\Programs\Python\Python310\lib\site-packages\zk\base.py", line 658, in read_sizes
    cmd_response = self.__send_command(command,b'', response_size)
  File "C:\Users\julia\AppData\Local\Programs\Python\Python310\lib\site-packages\zk\base.py", line 260, in __send_command
    raise ZKNetworkError(str(e))
zk.exception.ZKNetworkError: [WinError 10054] Se ha forzado la interrupción de una conexión existente por el host remoto

[2026-03-24T13:09:03.722123] Error en loop de monitoreo: [WinError 10054] Se ha forzado la interrupción de una conexión existente por el host remoto
Traceback (most recent call last):
  File "C:\Users\julia\AppData\Local\Programs\Python\Python310\lib\site-packages\zk\base.py", line 248, in __send_command
    self.__sock.send(top)
ConnectionResetError: [WinError 10054] Se ha forzado la interrupción de una conexión existente por el host remoto

During handling of the above exception, another exception occurred:

Traceback (most recent call last):
  File "c:\Users\julia\Documents\GitHub\Python_0_to_hero\Ejercicios\Biometricos\EJ 01.py", line 257, in monitorear_acciones_dispositivo
    logs = conn.get_attendance() or []
  File "C:\Users\julia\AppData\Local\Programs\Python\Python310\lib\site-packages\zk\base.py", line 1547, in get_attendance
    self.read_sizes()
  File "C:\Users\julia\AppData\Local\Programs\Python\Python310\lib\site-packages\zk\base.py", line 658, in read_sizes
    cmd_response = self.__send_command(command,b'', response_size)
  File "C:\Users\julia\AppData\Local\Programs\Python\Python310\lib\site-packages\zk\base.py", line 260, in __send_command
    raise ZKNetworkError(str(e))
zk.exception.ZKNetworkError: [WinError 10054] Se ha forzado la interrupción de una conexión existente por el host remoto

[2026-03-24T13:09:06.739542] Error en loop de monitoreo: [WinError 10054] Se ha forzado la interrupción de una conexión existente por el host remoto
Traceback (most recent call last):
  File "C:\Users\julia\AppData\Local\Programs\Python\Python310\lib\site-packages\zk\base.py", line 248, in __send_command
    self.__sock.send(top)
ConnectionResetError: [WinError 10054] Se ha forzado la interrupción de una conexión existente por el host remoto

During handling of the above exception, another exception occurred:

Traceback (most recent call last):
  File "c:\Users\julia\Documents\GitHub\Python_0_to_hero\Ejercicios\Biometricos\EJ 01.py", line 257, in monitorear_acciones_dispositivo
    logs = conn.get_attendance() or []
  File "C:\Users\julia\AppData\Local\Programs\Python\Python310\lib\site-packages\zk\base.py", line 1547, in get_attendance
    self.read_sizes()
  File "C:\Users\julia\AppData\Local\Programs\Python\Python310\lib\site-packages\zk\base.py", line 658, in read_sizes
    cmd_response = self.__send_command(command,b'', response_size)
  File "C:\Users\julia\AppData\Local\Programs\Python\Python310\lib\site-packages\zk\base.py", line 260, in __send_command
    raise ZKNetworkError(str(e))
zk.exception.ZKNetworkError: [WinError 10054] Se ha forzado la interrupción de una conexión existente por el host remoto

[2026-03-24T13:09:09.755187] Error en loop de monitoreo: [WinError 10054] Se ha forzado la interrupción de una conexión existente por el host remoto
Traceback (most recent call last):
  File "C:\Users\julia\AppData\Local\Programs\Python\Python310\lib\site-packages\zk\base.py", line 248, in __send_command
    self.__sock.send(top)
ConnectionResetError: [WinError 10054] Se ha forzado la interrupción de una conexión existente por el host remoto

During handling of the above exception, another exception occurred:

Traceback (most recent call last):
  File "c:\Users\julia\Documents\GitHub\Python_0_to_hero\Ejercicios\Biometricos\EJ 01.py", line 257, in monitorear_acciones_dispositivo
    logs = conn.get_attendance() or []
  File "C:\Users\julia\AppData\Local\Programs\Python\Python310\lib\site-packages\zk\base.py", line 1547, in get_attendance
    self.read_sizes()
  File "C:\Users\julia\AppData\Local\Programs\Python\Python310\lib\site-packages\zk\base.py", line 658, in read_sizes
    cmd_response = self.__send_command(command,b'', response_size)
  File "C:\Users\julia\AppData\Local\Programs\Python\Python310\lib\site-packages\zk\base.py", line 260, in __send_command
    raise ZKNetworkError(str(e))
zk.exception.ZKNetworkError: [WinError 10054] Se ha forzado la interrupción de una conexión existente por el host remoto

[2026-03-24T13:09:12.772588] Error en loop de monitoreo: [WinError 10054] Se ha forzado la interrupción de una conexión existente por el host remoto
Traceback (most recent call last):
  File "C:\Users\julia\AppData\Local\Programs\Python\Python310\lib\site-packages\zk\base.py", line 248, in __send_command
    self.__sock.send(top)
ConnectionResetError: [WinError 10054] Se ha forzado la interrupción de una conexión existente por el host remoto

During handling of the above exception, another exception occurred:

Traceback (most recent call last):
  File "c:\Users\julia\Documents\GitHub\Python_0_to_hero\Ejercicios\Biometricos\EJ 01.py", line 257, in monitorear_acciones_dispositivo
    logs = conn.get_attendance() or []
  File "C:\Users\julia\AppData\Local\Programs\Python\Python310\lib\site-packages\zk\base.py", line 1547, in get_attendance
    self.read_sizes()
  File "C:\Users\julia\AppData\Local\Programs\Python\Python310\lib\site-packages\zk\base.py", line 658, in read_sizes
    cmd_response = self.__send_command(command,b'', response_size)
  File "C:\Users\julia\AppData\Local\Programs\Python\Python310\lib\site-packages\zk\base.py", line 260, in __send_command
    raise ZKNetworkError(str(e))
zk.exception.ZKNetworkError: [WinError 10054] Se ha forzado la interrupción de una conexión existente por el host remoto

[2026-03-24T13:09:15.780994] Error en loop de monitoreo: [WinError 10054] Se ha forzado la interrupción de una conexión existente por el host remoto
Traceback (most recent call last):
  File "C:\Users\julia\AppData\Local\Programs\Python\Python310\lib\site-packages\zk\base.py", line 248, in __send_command
    self.__sock.send(top)
ConnectionResetError: [WinError 10054] Se ha forzado la interrupción de una conexión existente por el host remoto

During handling of the above exception, another exception occurred:

Traceback (most recent call last):
  File "c:\Users\julia\Documents\GitHub\Python_0_to_hero\Ejercicios\Biometricos\EJ 01.py", line 257, in monitorear_acciones_dispositivo
    logs = conn.get_attendance() or []
  File "C:\Users\julia\AppData\Local\Programs\Python\Python310\lib\site-packages\zk\base.py", line 1547, in get_attendance
    self.read_sizes()
  File "C:\Users\julia\AppData\Local\Programs\Python\Python310\lib\site-packages\zk\base.py", line 658, in read_sizes
    cmd_response = self.__send_command(command,b'', response_size)
  File "C:\Users\julia\AppData\Local\Programs\Python\Python310\lib\site-packages\zk\base.py", line 260, in __send_command
    raise ZKNetworkError(str(e))
zk.exception.ZKNetworkError: [WinError 10054] Se ha forzado la interrupción de una conexión existente por el host remoto

[2026-03-24T13:09:18.788278] Error en loop de monitoreo: [WinError 10054] Se ha forzado la interrupción de una conexión existente por el host remoto
Traceback (most recent call last):
  File "C:\Users\julia\AppData\Local\Programs\Python\Python310\lib\site-packages\zk\base.py", line 248, in __send_command
    self.__sock.send(top)
ConnectionResetError: [WinError 10054] Se ha forzado la interrupción de una conexión existente por el host remoto

During handling of the above exception, another exception occurred:

Traceback (most recent call last):
  File "c:\Users\julia\Documents\GitHub\Python_0_to_hero\Ejercicios\Biometricos\EJ 01.py", line 257, in monitorear_acciones_dispositivo
    logs = conn.get_attendance() or []
  File "C:\Users\julia\AppData\Local\Programs\Python\Python310\lib\site-packages\zk\base.py", line 1547, in get_attendance
    self.read_sizes()
  File "C:\Users\julia\AppData\Local\Programs\Python\Python310\lib\site-packages\zk\base.py", line 658, in read_sizes
    cmd_response = self.__send_command(command,b'', response_size)
  File "C:\Users\julia\AppData\Local\Programs\Python\Python310\lib\site-packages\zk\base.py", line 260, in __send_command
    raise ZKNetworkError(str(e))
zk.exception.ZKNetworkError: [WinError 10054] Se ha forzado la interrupción de una conexión existente por el host remoto

[2026-03-24T13:09:21.791468] Error en loop de monitoreo: [WinError 10054] Se ha forzado la interrupción de una conexión existente por el host remoto
Traceback (most recent call last):
  File "C:\Users\julia\AppData\Local\Programs\Python\Python310\lib\site-packages\zk\base.py", line 248, in __send_command
    self.__sock.send(top)
ConnectionResetError: [WinError 10054] Se ha forzado la interrupción de una conexión existente por el host remoto

During handling of the above exception, another exception occurred:

Traceback (most recent call last):
  File "c:\Users\julia\Documents\GitHub\Python_0_to_hero\Ejercicios\Biometricos\EJ 01.py", line 257, in monitorear_acciones_dispositivo
    logs = conn.get_attendance() or []
  File "C:\Users\julia\AppData\Local\Programs\Python\Python310\lib\site-packages\zk\base.py", line 1547, in get_attendance
    self.read_sizes()
  File "C:\Users\julia\AppData\Local\Programs\Python\Python310\lib\site-packages\zk\base.py", line 658, in read_sizes
    cmd_response = self.__send_command(command,b'', response_size)
  File "C:\Users\julia\AppData\Local\Programs\Python\Python310\lib\site-packages\zk\base.py", line 260, in __send_command
    raise ZKNetworkError(str(e))
zk.exception.ZKNetworkError: [WinError 10054] Se ha forzado la interrupción de una conexión existente por el host remoto

[2026-03-24T13:09:24.804518] Error en loop de monitoreo: [WinError 10054] Se ha forzado la interrupción de una conexión existente por el host remoto
Traceback (most recent call last):
  File "C:\Users\julia\AppData\Local\Programs\Python\Python310\lib\site-packages\zk\base.py", line 248, in __send_command
    self.__sock.send(top)
ConnectionResetError: [WinError 10054] Se ha forzado la interrupción de una conexión existente por el host remoto

During handling of the above exception, another exception occurred:

Traceback (most recent call last):
  File "c:\Users\julia\Documents\GitHub\Python_0_to_hero\Ejercicios\Biometricos\EJ 01.py", line 257, in monitorear_acciones_dispositivo
    logs = conn.get_attendance() or []
  File "C:\Users\julia\AppData\Local\Programs\Python\Python310\lib\site-packages\zk\base.py", line 1547, in get_attendance
    self.read_sizes()
  File "C:\Users\julia\AppData\Local\Programs\Python\Python310\lib\site-packages\zk\base.py", line 658, in read_sizes
    cmd_response = self.__send_command(command,b'', response_size)
  File "C:\Users\julia\AppData\Local\Programs\Python\Python310\lib\site-packages\zk\base.py", line 260, in __send_command
    raise ZKNetworkError(str(e))
zk.exception.ZKNetworkError: [WinError 10054] Se ha forzado la interrupción de una conexión existente por el host remoto

[2026-03-24T13:09:27.821710] Error en loop de monitoreo: [WinError 10054] Se ha forzado la interrupción de una conexión existente por el host remoto
Traceback (most recent call last):
  File "C:\Users\julia\AppData\Local\Programs\Python\Python310\lib\site-packages\zk\base.py", line 248, in __send_command
    self.__sock.send(top)
ConnectionResetError: [WinError 10054] Se ha forzado la interrupción de una conexión existente por el host remoto

During handling of the above exception, another exception occurred:

Traceback (most recent call last):
  File "c:\Users\julia\Documents\GitHub\Python_0_to_hero\Ejercicios\Biometricos\EJ 01.py", line 257, in monitorear_acciones_dispositivo
    logs = conn.get_attendance() or []
  File "C:\Users\julia\AppData\Local\Programs\Python\Python310\lib\site-packages\zk\base.py", line 1547, in get_attendance
    self.read_sizes()
  File "C:\Users\julia\AppData\Local\Programs\Python\Python310\lib\site-packages\zk\base.py", line 658, in read_sizes
    cmd_response = self.__send_command(command,b'', response_size)
  File "C:\Users\julia\AppData\Local\Programs\Python\Python310\lib\site-packages\zk\base.py", line 260, in __send_command
    raise ZKNetworkError(str(e))
zk.exception.ZKNetworkError: [WinError 10054] Se ha forzado la interrupción de una conexión existente por el host remoto

[2026-03-24T13:09:30.836458] Error en loop de monitoreo: [WinError 10054] Se ha forzado la interrupción de una conexión existente por el host remoto
Traceback (most recent call last):
  File "C:\Users\julia\AppData\Local\Programs\Python\Python310\lib\site-packages\zk\base.py", line 248, in __send_command
    self.__sock.send(top)
ConnectionResetError: [WinError 10054] Se ha forzado la interrupción de una conexión existente por el host remoto

During handling of the above exception, another exception occurred:

Traceback (most recent call last):
  File "c:\Users\julia\Documents\GitHub\Python_0_to_hero\Ejercicios\Biometricos\EJ 01.py", line 257, in monitorear_acciones_dispositivo
    logs = conn.get_attendance() or []
  File "C:\Users\julia\AppData\Local\Programs\Python\Python310\lib\site-packages\zk\base.py", line 1547, in get_attendance
    self.read_sizes()
  File "C:\Users\julia\AppData\Local\Programs\Python\Python310\lib\site-packages\zk\base.py", line 658, in read_sizes
    cmd_response = self.__send_command(command,b'', response_size)
  File "C:\Users\julia\AppData\Local\Programs\Python\Python310\lib\site-packages\zk\base.py", line 260, in __send_command
    raise ZKNetworkError(str(e))
zk.exception.ZKNetworkError: [WinError 10054] Se ha forzado la interrupción de una conexión existente por el host remoto

[2026-03-24T13:09:33.844086] Error en loop de monitoreo: [WinError 10054] Se ha forzado la interrupción de una conexión existente por el host remoto
Traceback (most recent call last):
  File "C:\Users\julia\AppData\Local\Programs\Python\Python310\lib\site-packages\zk\base.py", line 248, in __send_command
    self.__sock.send(top)
ConnectionResetError: [WinError 10054] Se ha forzado la interrupción de una conexión existente por el host remoto

During handling of the above exception, another exception occurred:

Traceback (most recent call last):
  File "c:\Users\julia\Documents\GitHub\Python_0_to_hero\Ejercicios\Biometricos\EJ 01.py", line 257, in monitorear_acciones_dispositivo
    logs = conn.get_attendance() or []
  File "C:\Users\julia\AppData\Local\Programs\Python\Python310\lib\site-packages\zk\base.py", line 1547, in get_attendance
    self.read_sizes()
  File "C:\Users\julia\AppData\Local\Programs\Python\Python310\lib\site-packages\zk\base.py", line 658, in read_sizes
    cmd_response = self.__send_command(command,b'', response_size)
  File "C:\Users\julia\AppData\Local\Programs\Python\Python310\lib\site-packages\zk\base.py", line 260, in __send_command
    raise ZKNetworkError(str(e))
zk.exception.ZKNetworkError: [WinError 10054] Se ha forzado la interrupción de una conexión existente por el host remoto

[2026-03-24T13:09:36.855495] Error en loop de monitoreo: [WinError 10054] Se ha forzado la interrupción de una conexión existente por el host remoto
Traceback (most recent call last):
  File "C:\Users\julia\AppData\Local\Programs\Python\Python310\lib\site-packages\zk\base.py", line 248, in __send_command
    self.__sock.send(top)
ConnectionResetError: [WinError 10054] Se ha forzado la interrupción de una conexión existente por el host remoto

During handling of the above exception, another exception occurred:

Traceback (most recent call last):
  File "c:\Users\julia\Documents\GitHub\Python_0_to_hero\Ejercicios\Biometricos\EJ 01.py", line 257, in monitorear_acciones_dispositivo
    logs = conn.get_attendance() or []
  File "C:\Users\julia\AppData\Local\Programs\Python\Python310\lib\site-packages\zk\base.py", line 1547, in get_attendance
    self.read_sizes()
  File "C:\Users\julia\AppData\Local\Programs\Python\Python310\lib\site-packages\zk\base.py", line 658, in read_sizes
    cmd_response = self.__send_command(command,b'', response_size)
  File "C:\Users\julia\AppData\Local\Programs\Python\Python310\lib\site-packages\zk\base.py", line 260, in __send_command
    raise ZKNetworkError(str(e))
zk.exception.ZKNetworkError: [WinError 10054] Se ha forzado la interrupción de una conexión existente por el host remoto

[2026-03-24T13:09:39.868352] Error en loop de monitoreo: [WinError 10054] Se ha forzado la interrupción de una conexión existente por el host remoto
Traceback (most recent call last):
  File "C:\Users\julia\AppData\Local\Programs\Python\Python310\lib\site-packages\zk\base.py", line 248, in __send_command
    self.__sock.send(top)
ConnectionResetError: [WinError 10054] Se ha forzado la interrupción de una conexión existente por el host remoto

During handling of the above exception, another exception occurred:

Traceback (most recent call last):
  File "c:\Users\julia\Documents\GitHub\Python_0_to_hero\Ejercicios\Biometricos\EJ 01.py", line 257, in monitorear_acciones_dispositivo
    logs = conn.get_attendance() or []
  File "C:\Users\julia\AppData\Local\Programs\Python\Python310\lib\site-packages\zk\base.py", line 1547, in get_attendance
    self.read_sizes()
  File "C:\Users\julia\AppData\Local\Programs\Python\Python310\lib\site-packages\zk\base.py", line 658, in read_sizes
    cmd_response = self.__send_command(command,b'', response_size)
  File "C:\Users\julia\AppData\Local\Programs\Python\Python310\lib\site-packages\zk\base.py", line 260, in __send_command
    raise ZKNetworkError(str(e))
zk.exception.ZKNetworkError: [WinError 10054] Se ha forzado la interrupción de una conexión existente por el host remoto

[2026-03-24T13:09:42.880299] Error en loop de monitoreo: [WinError 10054] Se ha forzado la interrupción de una conexión existente por el host remoto
Traceback (most recent call last):
  File "C:\Users\julia\AppData\Local\Programs\Python\Python310\lib\site-packages\zk\base.py", line 248, in __send_command
    self.__sock.send(top)
ConnectionResetError: [WinError 10054] Se ha forzado la interrupción de una conexión existente por el host remoto

During handling of the above exception, another exception occurred:

Traceback (most recent call last):
  File "c:\Users\julia\Documents\GitHub\Python_0_to_hero\Ejercicios\Biometricos\EJ 01.py", line 257, in monitorear_acciones_dispositivo
    logs = conn.get_attendance() or []
  File "C:\Users\julia\AppData\Local\Programs\Python\Python310\lib\site-packages\zk\base.py", line 1547, in get_attendance
    self.read_sizes()
  File "C:\Users\julia\AppData\Local\Programs\Python\Python310\lib\site-packages\zk\base.py", line 658, in read_sizes
    cmd_response = self.__send_command(command,b'', response_size)
  File "C:\Users\julia\AppData\Local\Programs\Python\Python310\lib\site-packages\zk\base.py", line 260, in __send_command
    raise ZKNetworkError(str(e))
zk.exception.ZKNetworkError: [WinError 10054] Se ha forzado la interrupción de una conexión existente por el host remoto

[2026-03-24T13:09:45.895161] Error en loop de monitoreo: [WinError 10054] Se ha forzado la interrupción de una conexión existente por el host remoto
Traceback (most recent call last):
  File "C:\Users\julia\AppData\Local\Programs\Python\Python310\lib\site-packages\zk\base.py", line 248, in __send_command
    self.__sock.send(top)
ConnectionResetError: [WinError 10054] Se ha forzado la interrupción de una conexión existente por el host remoto

During handling of the above exception, another exception occurred:

Traceback (most recent call last):
  File "c:\Users\julia\Documents\GitHub\Python_0_to_hero\Ejercicios\Biometricos\EJ 01.py", line 257, in monitorear_acciones_dispositivo
    logs = conn.get_attendance() or []
  File "C:\Users\julia\AppData\Local\Programs\Python\Python310\lib\site-packages\zk\base.py", line 1547, in get_attendance
    self.read_sizes()
  File "C:\Users\julia\AppData\Local\Programs\Python\Python310\lib\site-packages\zk\base.py", line 658, in read_sizes
    cmd_response = self.__send_command(command,b'', response_size)
  File "C:\Users\julia\AppData\Local\Programs\Python\Python310\lib\site-packages\zk\base.py", line 260, in __send_command
    raise ZKNetworkError(str(e))
zk.exception.ZKNetworkError: [WinError 10054] Se ha forzado la interrupción de una conexión existente por el host remoto

[2026-03-24T13:09:48.911298] Error en loop de monitoreo: [WinError 10054] Se ha forzado la interrupción de una conexión existente por el host remoto
Traceback (most recent call last):
  File "C:\Users\julia\AppData\Local\Programs\Python\Python310\lib\site-packages\zk\base.py", line 248, in __send_command
    self.__sock.send(top)
ConnectionResetError: [WinError 10054] Se ha forzado la interrupción de una conexión existente por el host remoto

During handling of the above exception, another exception occurred:

Traceback (most recent call last):
  File "c:\Users\julia\Documents\GitHub\Python_0_to_hero\Ejercicios\Biometricos\EJ 01.py", line 257, in monitorear_acciones_dispositivo
    logs = conn.get_attendance() or []
  File "C:\Users\julia\AppData\Local\Programs\Python\Python310\lib\site-packages\zk\base.py", line 1547, in get_attendance
    self.read_sizes()
  File "C:\Users\julia\AppData\Local\Programs\Python\Python310\lib\site-packages\zk\base.py", line 658, in read_sizes
    cmd_response = self.__send_command(command,b'', response_size)
  File "C:\Users\julia\AppData\Local\Programs\Python\Python310\lib\site-packages\zk\base.py", line 260, in __send_command
    raise ZKNetworkError(str(e))
zk.exception.ZKNetworkError: [WinError 10054] Se ha forzado la interrupción de una conexión existente por el host remoto

[2026-03-24T13:09:51.915144] Error en loop de monitoreo: [WinError 10054] Se ha forzado la interrupción de una conexión existente por el host remoto
Traceback (most recent call last):
  File "C:\Users\julia\AppData\Local\Programs\Python\Python310\lib\site-packages\zk\base.py", line 248, in __send_command
    self.__sock.send(top)
ConnectionResetError: [WinError 10054] Se ha forzado la interrupción de una conexión existente por el host remoto

During handling of the above exception, another exception occurred:

Traceback (most recent call last):
  File "c:\Users\julia\Documents\GitHub\Python_0_to_hero\Ejercicios\Biometricos\EJ 01.py", line 257, in monitorear_acciones_dispositivo
    logs = conn.get_attendance() or []
  File "C:\Users\julia\AppData\Local\Programs\Python\Python310\lib\site-packages\zk\base.py", line 1547, in get_attendance
    self.read_sizes()
  File "C:\Users\julia\AppData\Local\Programs\Python\Python310\lib\site-packages\zk\base.py", line 658, in read_sizes
    cmd_response = self.__send_command(command,b'', response_size)
  File "C:\Users\julia\AppData\Local\Programs\Python\Python310\lib\site-packages\zk\base.py", line 260, in __send_command
    raise ZKNetworkError(str(e))
zk.exception.ZKNetworkError: [WinError 10054] Se ha forzado la interrupción de una conexión existente por el host remoto

[2026-03-24T13:09:54.922659] Error en loop de monitoreo: [WinError 10054] Se ha forzado la interrupción de una conexión existente por el host remoto
Traceback (most recent call last):
  File "C:\Users\julia\AppData\Local\Programs\Python\Python310\lib\site-packages\zk\base.py", line 248, in __send_command
    self.__sock.send(top)
ConnectionResetError: [WinError 10054] Se ha forzado la interrupción de una conexión existente por el host remoto

During handling of the above exception, another exception occurred:

Traceback (most recent call last):
  File "c:\Users\julia\Documents\GitHub\Python_0_to_hero\Ejercicios\Biometricos\EJ 01.py", line 257, in monitorear_acciones_dispositivo
    logs = conn.get_attendance() or []
  File "C:\Users\julia\AppData\Local\Programs\Python\Python310\lib\site-packages\zk\base.py", line 1547, in get_attendance
    self.read_sizes()
  File "C:\Users\julia\AppData\Local\Programs\Python\Python310\lib\site-packages\zk\base.py", line 658, in read_sizes
    cmd_response = self.__send_command(command,b'', response_size)
  File "C:\Users\julia\AppData\Local\Programs\Python\Python310\lib\site-packages\zk\base.py", line 260, in __send_command
    raise ZKNetworkError(str(e))
zk.exception.ZKNetworkError: [WinError 10054] Se ha forzado la interrupción de una conexión existente por el host remoto

[2026-03-24T13:09:57.931433] Error en loop de monitoreo: [WinError 10054] Se ha forzado la interrupción de una conexión existente por el host remoto
Traceback (most recent call last):
  File "C:\Users\julia\AppData\Local\Programs\Python\Python310\lib\site-packages\zk\base.py", line 248, in __send_command
    self.__sock.send(top)
ConnectionResetError: [WinError 10054] Se ha forzado la interrupción de una conexión existente por el host remoto

During handling of the above exception, another exception occurred:

Traceback (most recent call last):
  File "c:\Users\julia\Documents\GitHub\Python_0_to_hero\Ejercicios\Biometricos\EJ 01.py", line 257, in monitorear_acciones_dispositivo
    logs = conn.get_attendance() or []
  File "C:\Users\julia\AppData\Local\Programs\Python\Python310\lib\site-packages\zk\base.py", line 1547, in get_attendance
    self.read_sizes()
  File "C:\Users\julia\AppData\Local\Programs\Python\Python310\lib\site-packages\zk\base.py", line 658, in read_sizes
    cmd_response = self.__send_command(command,b'', response_size)
  File "C:\Users\julia\AppData\Local\Programs\Python\Python310\lib\site-packages\zk\base.py", line 260, in __send_command
    raise ZKNetworkError(str(e))
zk.exception.ZKNetworkError: [WinError 10054] Se ha forzado la interrupción de una conexión existente por el host remoto

[2026-03-24T13:10:00.944763] Error en loop de monitoreo: [WinError 10054] Se ha forzado la interrupción de una conexión existente por el host remoto
Traceback (most recent call last):
  File "C:\Users\julia\AppData\Local\Programs\Python\Python310\lib\site-packages\zk\base.py", line 248, in __send_command
    self.__sock.send(top)
ConnectionResetError: [WinError 10054] Se ha forzado la interrupción de una conexión existente por el host remoto

During handling of the above exception, another exception occurred:

Traceback (most recent call last):
  File "c:\Users\julia\Documents\GitHub\Python_0_to_hero\Ejercicios\Biometricos\EJ 01.py", line 257, in monitorear_acciones_dispositivo
    logs = conn.get_attendance() or []
  File "C:\Users\julia\AppData\Local\Programs\Python\Python310\lib\site-packages\zk\base.py", line 1547, in get_attendance
    self.read_sizes()
  File "C:\Users\julia\AppData\Local\Programs\Python\Python310\lib\site-packages\zk\base.py", line 658, in read_sizes
    cmd_response = self.__send_command(command,b'', response_size)
  File "C:\Users\julia\AppData\Local\Programs\Python\Python310\lib\site-packages\zk\base.py", line 260, in __send_command
    raise ZKNetworkError(str(e))
zk.exception.ZKNetworkError: [WinError 10054] Se ha forzado la interrupción de una conexión existente por el host remoto

[2026-03-24T13:10:03.949052] Error en loop de monitoreo: [WinError 10054] Se ha forzado la interrupción de una conexión existente por el host remoto
Traceback (most recent call last):
  File "C:\Users\julia\AppData\Local\Programs\Python\Python310\lib\site-packages\zk\base.py", line 248, in __send_command
    self.__sock.send(top)
ConnectionResetError: [WinError 10054] Se ha forzado la interrupción de una conexión existente por el host remoto

During handling of the above exception, another exception occurred:

Traceback (most recent call last):
  File "c:\Users\julia\Documents\GitHub\Python_0_to_hero\Ejercicios\Biometricos\EJ 01.py", line 257, in monitorear_acciones_dispositivo
    logs = conn.get_attendance() or []
  File "C:\Users\julia\AppData\Local\Programs\Python\Python310\lib\site-packages\zk\base.py", line 1547, in get_attendance
    self.read_sizes()
  File "C:\Users\julia\AppData\Local\Programs\Python\Python310\lib\site-packages\zk\base.py", line 658, in read_sizes
    cmd_response = self.__send_command(command,b'', response_size)
  File "C:\Users\julia\AppData\Local\Programs\Python\Python310\lib\site-packages\zk\base.py", line 260, in __send_command
    raise ZKNetworkError(str(e))
zk.exception.ZKNetworkError: [WinError 10054] Se ha forzado la interrupción de una conexión existente por el host remoto

[2026-03-24T13:10:06.962608] Error en loop de monitoreo: [WinError 10054] Se ha forzado la interrupción de una conexión existente por el host remoto
Traceback (most recent call last):
  File "C:\Users\julia\AppData\Local\Programs\Python\Python310\lib\site-packages\zk\base.py", line 248, in __send_command
    self.__sock.send(top)
ConnectionResetError: [WinError 10054] Se ha forzado la interrupción de una conexión existente por el host remoto

During handling of the above exception, another exception occurred:

Traceback (most recent call last):
  File "c:\Users\julia\Documents\GitHub\Python_0_to_hero\Ejercicios\Biometricos\EJ 01.py", line 257, in monitorear_acciones_dispositivo
    logs = conn.get_attendance() or []
  File "C:\Users\julia\AppData\Local\Programs\Python\Python310\lib\site-packages\zk\base.py", line 1547, in get_attendance
    self.read_sizes()
  File "C:\Users\julia\AppData\Local\Programs\Python\Python310\lib\site-packages\zk\base.py", line 658, in read_sizes
    cmd_response = self.__send_command(command,b'', response_size)
  File "C:\Users\julia\AppData\Local\Programs\Python\Python310\lib\site-packages\zk\base.py", line 260, in __send_command
    raise ZKNetworkError(str(e))
zk.exception.ZKNetworkError: [WinError 10054] Se ha forzado la interrupción de una conexión existente por el host remoto

[2026-03-24T13:10:09.974351] Error en loop de monitoreo: [WinError 10054] Se ha forzado la interrupción de una conexión existente por el host remoto
Traceback (most recent call last):
  File "C:\Users\julia\AppData\Local\Programs\Python\Python310\lib\site-packages\zk\base.py", line 248, in __send_command
    self.__sock.send(top)
ConnectionResetError: [WinError 10054] Se ha forzado la interrupción de una conexión existente por el host remoto

During handling of the above exception, another exception occurred:

Traceback (most recent call last):
  File "c:\Users\julia\Documents\GitHub\Python_0_to_hero\Ejercicios\Biometricos\EJ 01.py", line 257, in monitorear_acciones_dispositivo
    logs = conn.get_attendance() or []
  File "C:\Users\julia\AppData\Local\Programs\Python\Python310\lib\site-packages\zk\base.py", line 1547, in get_attendance
    self.read_sizes()
  File "C:\Users\julia\AppData\Local\Programs\Python\Python310\lib\site-packages\zk\base.py", line 658, in read_sizes
    cmd_response = self.__send_command(command,b'', response_size)
  File "C:\Users\julia\AppData\Local\Programs\Python\Python310\lib\site-packages\zk\base.py", line 260, in __send_command
    raise ZKNetworkError(str(e))
zk.exception.ZKNetworkError: [WinError 10054] Se ha forzado la interrupción de una conexión existente por el host remoto

[2026-03-24T13:10:12.983434] Error en loop de monitoreo: [WinError 10054] Se ha forzado la interrupción de una conexión existente por el host remoto
Traceback (most recent call last):
  File "C:\Users\julia\AppData\Local\Programs\Python\Python310\lib\site-packages\zk\base.py", line 248, in __send_command
    self.__sock.send(top)
ConnectionResetError: [WinError 10054] Se ha forzado la interrupción de una conexión existente por el host remoto

During handling of the above exception, another exception occurred:

Traceback (most recent call last):
  File "c:\Users\julia\Documents\GitHub\Python_0_to_hero\Ejercicios\Biometricos\EJ 01.py", line 257, in monitorear_acciones_dispositivo
    logs = conn.get_attendance() or []
  File "C:\Users\julia\AppData\Local\Programs\Python\Python310\lib\site-packages\zk\base.py", line 1547, in get_attendance
    self.read_sizes()
  File "C:\Users\julia\AppData\Local\Programs\Python\Python310\lib\site-packages\zk\base.py", line 658, in read_sizes
    cmd_response = self.__send_command(command,b'', response_size)
  File "C:\Users\julia\AppData\Local\Programs\Python\Python310\lib\site-packages\zk\base.py", line 260, in __send_command
    raise ZKNetworkError(str(e))
zk.exception.ZKNetworkError: [WinError 10054] Se ha forzado la interrupción de una conexión existente por el host remoto

[2026-03-24T13:10:15.997467] Error en loop de monitoreo: [WinError 10054] Se ha forzado la interrupción de una conexión existente por el host remoto
Traceback (most recent call last):
  File "C:\Users\julia\AppData\Local\Programs\Python\Python310\lib\site-packages\zk\base.py", line 248, in __send_command
    self.__sock.send(top)
ConnectionResetError: [WinError 10054] Se ha forzado la interrupción de una conexión existente por el host remoto

During handling of the above exception, another exception occurred:

Traceback (most recent call last):
  File "c:\Users\julia\Documents\GitHub\Python_0_to_hero\Ejercicios\Biometricos\EJ 01.py", line 257, in monitorear_acciones_dispositivo
    logs = conn.get_attendance() or []
  File "C:\Users\julia\AppData\Local\Programs\Python\Python310\lib\site-packages\zk\base.py", line 1547, in get_attendance
    self.read_sizes()
  File "C:\Users\julia\AppData\Local\Programs\Python\Python310\lib\site-packages\zk\base.py", line 658, in read_sizes
    cmd_response = self.__send_command(command,b'', response_size)
  File "C:\Users\julia\AppData\Local\Programs\Python\Python310\lib\site-packages\zk\base.py", line 260, in __send_command
    raise ZKNetworkError(str(e))
zk.exception.ZKNetworkError: [WinError 10054] Se ha forzado la interrupción de una conexión existente por el host remoto

[2026-03-24T13:10:19.014701] Error en loop de monitoreo: [WinError 10054] Se ha forzado la interrupción de una conexión existente por el host remoto
Traceback (most recent call last):
  File "C:\Users\julia\AppData\Local\Programs\Python\Python310\lib\site-packages\zk\base.py", line 248, in __send_command
    self.__sock.send(top)
ConnectionResetError: [WinError 10054] Se ha forzado la interrupción de una conexión existente por el host remoto

During handling of the above exception, another exception occurred:

Traceback (most recent call last):
  File "c:\Users\julia\Documents\GitHub\Python_0_to_hero\Ejercicios\Biometricos\EJ 01.py", line 257, in monitorear_acciones_dispositivo
    logs = conn.get_attendance() or []
  File "C:\Users\julia\AppData\Local\Programs\Python\Python310\lib\site-packages\zk\base.py", line 1547, in get_attendance
    self.read_sizes()
  File "C:\Users\julia\AppData\Local\Programs\Python\Python310\lib\site-packages\zk\base.py", line 658, in read_sizes
    cmd_response = self.__send_command(command,b'', response_size)
  File "C:\Users\julia\AppData\Local\Programs\Python\Python310\lib\site-packages\zk\base.py", line 260, in __send_command
    raise ZKNetworkError(str(e))
zk.exception.ZKNetworkError: [WinError 10054] Se ha forzado la interrupción de una conexión existente por el host remoto

[2026-03-24T13:10:22.031830] Error en loop de monitoreo: [WinError 10054] Se ha forzado la interrupción de una conexión existente por el host remoto
Traceback (most recent call last):
  File "C:\Users\julia\AppData\Local\Programs\Python\Python310\lib\site-packages\zk\base.py", line 248, in __send_command
    self.__sock.send(top)
ConnectionResetError: [WinError 10054] Se ha forzado la interrupción de una conexión existente por el host remoto

During handling of the above exception, another exception occurred:

Traceback (most recent call last):
  File "c:\Users\julia\Documents\GitHub\Python_0_to_hero\Ejercicios\Biometricos\EJ 01.py", line 257, in monitorear_acciones_dispositivo
    logs = conn.get_attendance() or []
  File "C:\Users\julia\AppData\Local\Programs\Python\Python310\lib\site-packages\zk\base.py", line 1547, in get_attendance
    self.read_sizes()
  File "C:\Users\julia\AppData\Local\Programs\Python\Python310\lib\site-packages\zk\base.py", line 658, in read_sizes
    cmd_response = self.__send_command(command,b'', response_size)
  File "C:\Users\julia\AppData\Local\Programs\Python\Python310\lib\site-packages\zk\base.py", line 260, in __send_command
    raise ZKNetworkError(str(e))
zk.exception.ZKNetworkError: [WinError 10054] Se ha forzado la interrupción de una conexión existente por el host remoto

[2026-03-24T13:10:25.046418] Error en loop de monitoreo: [WinError 10054] Se ha forzado la interrupción de una conexión existente por el host remoto
Traceback (most recent call last):
  File "C:\Users\julia\AppData\Local\Programs\Python\Python310\lib\site-packages\zk\base.py", line 248, in __send_command
    self.__sock.send(top)
ConnectionResetError: [WinError 10054] Se ha forzado la interrupción de una conexión existente por el host remoto

During handling of the above exception, another exception occurred:

Traceback (most recent call last):
  File "c:\Users\julia\Documents\GitHub\Python_0_to_hero\Ejercicios\Biometricos\EJ 01.py", line 257, in monitorear_acciones_dispositivo
    logs = conn.get_attendance() or []
  File "C:\Users\julia\AppData\Local\Programs\Python\Python310\lib\site-packages\zk\base.py", line 1547, in get_attendance
    self.read_sizes()
  File "C:\Users\julia\AppData\Local\Programs\Python\Python310\lib\site-packages\zk\base.py", line 658, in read_sizes
    cmd_response = self.__send_command(command,b'', response_size)
  File "C:\Users\julia\AppData\Local\Programs\Python\Python310\lib\site-packages\zk\base.py", line 260, in __send_command
    raise ZKNetworkError(str(e))
zk.exception.ZKNetworkError: [WinError 10054] Se ha forzado la interrupción de una conexión existente por el host remoto

[2026-03-24T13:10:28.072822] Error en loop de monitoreo: [WinError 10054] Se ha forzado la interrupción de una conexión existente por el host remoto
Traceback (most recent call last):
  File "C:\Users\julia\AppData\Local\Programs\Python\Python310\lib\site-packages\zk\base.py", line 248, in __send_command
    self.__sock.send(top)
ConnectionResetError: [WinError 10054] Se ha forzado la interrupción de una conexión existente por el host remoto

During handling of the above exception, another exception occurred:

Traceback (most recent call last):
  File "c:\Users\julia\Documents\GitHub\Python_0_to_hero\Ejercicios\Biometricos\EJ 01.py", line 257, in monitorear_acciones_dispositivo
    logs = conn.get_attendance() or []
  File "C:\Users\julia\AppData\Local\Programs\Python\Python310\lib\site-packages\zk\base.py", line 1547, in get_attendance
    self.read_sizes()
  File "C:\Users\julia\AppData\Local\Programs\Python\Python310\lib\site-packages\zk\base.py", line 658, in read_sizes
    cmd_response = self.__send_command(command,b'', response_size)
  File "C:\Users\julia\AppData\Local\Programs\Python\Python310\lib\site-packages\zk\base.py", line 260, in __send_command
    raise ZKNetworkError(str(e))
zk.exception.ZKNetworkError: [WinError 10054] Se ha forzado la interrupción de una conexión existente por el host remoto

[2026-03-24T13:10:31.077328] Error en loop de monitoreo: [WinError 10054] Se ha forzado la interrupción de una conexión existente por el host remoto
Traceback (most recent call last):
  File "C:\Users\julia\AppData\Local\Programs\Python\Python310\lib\site-packages\zk\base.py", line 248, in __send_command
    self.__sock.send(top)
ConnectionResetError: [WinError 10054] Se ha forzado la interrupción de una conexión existente por el host remoto

During handling of the above exception, another exception occurred:

Traceback (most recent call last):
  File "c:\Users\julia\Documents\GitHub\Python_0_to_hero\Ejercicios\Biometricos\EJ 01.py", line 257, in monitorear_acciones_dispositivo
    logs = conn.get_attendance() or []
  File "C:\Users\julia\AppData\Local\Programs\Python\Python310\lib\site-packages\zk\base.py", line 1547, in get_attendance
    self.read_sizes()
  File "C:\Users\julia\AppData\Local\Programs\Python\Python310\lib\site-packages\zk\base.py", line 658, in read_sizes
    cmd_response = self.__send_command(command,b'', response_size)
  File "C:\Users\julia\AppData\Local\Programs\Python\Python310\lib\site-packages\zk\base.py", line 260, in __send_command
    raise ZKNetworkError(str(e))
zk.exception.ZKNetworkError: [WinError 10054] Se ha forzado la interrupción de una conexión existente por el host remoto

[2026-03-24T13:10:34.094540] Error en loop de monitoreo: [WinError 10054] Se ha forzado la interrupción de una conexión existente por el host remoto
Traceback (most recent call last):
  File "C:\Users\julia\AppData\Local\Programs\Python\Python310\lib\site-packages\zk\base.py", line 248, in __send_command
    self.__sock.send(top)
ConnectionResetError: [WinError 10054] Se ha forzado la interrupción de una conexión existente por el host remoto

During handling of the above exception, another exception occurred:

Traceback (most recent call last):
  File "c:\Users\julia\Documents\GitHub\Python_0_to_hero\Ejercicios\Biometricos\EJ 01.py", line 257, in monitorear_acciones_dispositivo
    logs = conn.get_attendance() or []
  File "C:\Users\julia\AppData\Local\Programs\Python\Python310\lib\site-packages\zk\base.py", line 1547, in get_attendance
    self.read_sizes()
  File "C:\Users\julia\AppData\Local\Programs\Python\Python310\lib\site-packages\zk\base.py", line 658, in read_sizes
    cmd_response = self.__send_command(command,b'', response_size)
  File "C:\Users\julia\AppData\Local\Programs\Python\Python310\lib\site-packages\zk\base.py", line 260, in __send_command
    raise ZKNetworkError(str(e))
zk.exception.ZKNetworkError: [WinError 10054] Se ha forzado la interrupción de una conexión existente por el host remoto

[2026-03-24T13:10:37.100112] Error en loop de monitoreo: [WinError 10054] Se ha forzado la interrupción de una conexión existente por el host remoto
Traceback (most recent call last):
  File "C:\Users\julia\AppData\Local\Programs\Python\Python310\lib\site-packages\zk\base.py", line 248, in __send_command
    self.__sock.send(top)
ConnectionResetError: [WinError 10054] Se ha forzado la interrupción de una conexión existente por el host remoto

During handling of the above exception, another exception occurred:

Traceback (most recent call last):
  File "c:\Users\julia\Documents\GitHub\Python_0_to_hero\Ejercicios\Biometricos\EJ 01.py", line 257, in monitorear_acciones_dispositivo
    logs = conn.get_attendance() or []
  File "C:\Users\julia\AppData\Local\Programs\Python\Python310\lib\site-packages\zk\base.py", line 1547, in get_attendance
    self.read_sizes()
  File "C:\Users\julia\AppData\Local\Programs\Python\Python310\lib\site-packages\zk\base.py", line 658, in read_sizes
    cmd_response = self.__send_command(command,b'', response_size)
  File "C:\Users\julia\AppData\Local\Programs\Python\Python310\lib\site-packages\zk\base.py", line 260, in __send_command
    raise ZKNetworkError(str(e))
zk.exception.ZKNetworkError: [WinError 10054] Se ha forzado la interrupción de una conexión existente por el host remoto

[2026-03-24T13:10:40.103324] Error en loop de monitoreo: [WinError 10054] Se ha forzado la interrupción de una conexión existente por el host remoto
Traceback (most recent call last):
  File "C:\Users\julia\AppData\Local\Programs\Python\Python310\lib\site-packages\zk\base.py", line 248, in __send_command
    self.__sock.send(top)
ConnectionResetError: [WinError 10054] Se ha forzado la interrupción de una conexión existente por el host remoto

During handling of the above exception, another exception occurred:

Traceback (most recent call last):
  File "c:\Users\julia\Documents\GitHub\Python_0_to_hero\Ejercicios\Biometricos\EJ 01.py", line 257, in monitorear_acciones_dispositivo
    logs = conn.get_attendance() or []
  File "C:\Users\julia\AppData\Local\Programs\Python\Python310\lib\site-packages\zk\base.py", line 1547, in get_attendance
    self.read_sizes()
  File "C:\Users\julia\AppData\Local\Programs\Python\Python310\lib\site-packages\zk\base.py", line 658, in read_sizes
    cmd_response = self.__send_command(command,b'', response_size)
  File "C:\Users\julia\AppData\Local\Programs\Python\Python310\lib\site-packages\zk\base.py", line 260, in __send_command
    raise ZKNetworkError(str(e))
zk.exception.ZKNetworkError: [WinError 10054] Se ha forzado la interrupción de una conexión existente por el host remoto

[2026-03-24T13:10:43.113047] Error en loop de monitoreo: [WinError 10054] Se ha forzado la interrupción de una conexión existente por el host remoto
Traceback (most recent call last):
  File "C:\Users\julia\AppData\Local\Programs\Python\Python310\lib\site-packages\zk\base.py", line 248, in __send_command
    self.__sock.send(top)
ConnectionResetError: [WinError 10054] Se ha forzado la interrupción de una conexión existente por el host remoto

During handling of the above exception, another exception occurred:

Traceback (most recent call last):
  File "c:\Users\julia\Documents\GitHub\Python_0_to_hero\Ejercicios\Biometricos\EJ 01.py", line 257, in monitorear_acciones_dispositivo
    logs = conn.get_attendance() or []
  File "C:\Users\julia\AppData\Local\Programs\Python\Python310\lib\site-packages\zk\base.py", line 1547, in get_attendance
    self.read_sizes()
  File "C:\Users\julia\AppData\Local\Programs\Python\Python310\lib\site-packages\zk\base.py", line 658, in read_sizes
    cmd_response = self.__send_command(command,b'', response_size)
  File "C:\Users\julia\AppData\Local\Programs\Python\Python310\lib\site-packages\zk\base.py", line 260, in __send_command
    raise ZKNetworkError(str(e))
zk.exception.ZKNetworkError: [WinError 10054] Se ha forzado la interrupción de una conexión existente por el host remoto

[2026-03-24T13:10:46.116261] Error en loop de monitoreo: [WinError 10054] Se ha forzado la interrupción de una conexión existente por el host remoto
Traceback (most recent call last):
  File "C:\Users\julia\AppData\Local\Programs\Python\Python310\lib\site-packages\zk\base.py", line 248, in __send_command
    self.__sock.send(top)
ConnectionResetError: [WinError 10054] Se ha forzado la interrupción de una conexión existente por el host remoto

During handling of the above exception, another exception occurred:

Traceback (most recent call last):
  File "c:\Users\julia\Documents\GitHub\Python_0_to_hero\Ejercicios\Biometricos\EJ 01.py", line 257, in monitorear_acciones_dispositivo
    logs = conn.get_attendance() or []
  File "C:\Users\julia\AppData\Local\Programs\Python\Python310\lib\site-packages\zk\base.py", line 1547, in get_attendance
    self.read_sizes()
  File "C:\Users\julia\AppData\Local\Programs\Python\Python310\lib\site-packages\zk\base.py", line 658, in read_sizes
    cmd_response = self.__send_command(command,b'', response_size)
  File "C:\Users\julia\AppData\Local\Programs\Python\Python310\lib\site-packages\zk\base.py", line 260, in __send_command
    raise ZKNetworkError(str(e))
zk.exception.ZKNetworkError: [WinError 10054] Se ha forzado la interrupción de una conexión existente por el host remoto

[2026-03-24T13:10:49.118651] Error en loop de monitoreo: [WinError 10054] Se ha forzado la interrupción de una conexión existente por el host remoto
Traceback (most recent call last):
  File "C:\Users\julia\AppData\Local\Programs\Python\Python310\lib\site-packages\zk\base.py", line 248, in __send_command
    self.__sock.send(top)
ConnectionResetError: [WinError 10054] Se ha forzado la interrupción de una conexión existente por el host remoto

During handling of the above exception, another exception occurred:

Traceback (most recent call last):
  File "c:\Users\julia\Documents\GitHub\Python_0_to_hero\Ejercicios\Biometricos\EJ 01.py", line 257, in monitorear_acciones_dispositivo
    logs = conn.get_attendance() or []
  File "C:\Users\julia\AppData\Local\Programs\Python\Python310\lib\site-packages\zk\base.py", line 1547, in get_attendance
    self.read_sizes()
  File "C:\Users\julia\AppData\Local\Programs\Python\Python310\lib\site-packages\zk\base.py", line 658, in read_sizes
    cmd_response = self.__send_command(command,b'', response_size)
  File "C:\Users\julia\AppData\Local\Programs\Python\Python310\lib\site-packages\zk\base.py", line 260, in __send_command
    raise ZKNetworkError(str(e))
zk.exception.ZKNetworkError: [WinError 10054] Se ha forzado la interrupción de una conexión existente por el host remoto

[2026-03-24T13:10:52.120346] Error en loop de monitoreo: [WinError 10054] Se ha forzado la interrupción de una conexión existente por el host remoto
Traceback (most recent call last):
  File "C:\Users\julia\AppData\Local\Programs\Python\Python310\lib\site-packages\zk\base.py", line 248, in __send_command
    self.__sock.send(top)
ConnectionResetError: [WinError 10054] Se ha forzado la interrupción de una conexión existente por el host remoto

During handling of the above exception, another exception occurred:

Traceback (most recent call last):
  File "c:\Users\julia\Documents\GitHub\Python_0_to_hero\Ejercicios\Biometricos\EJ 01.py", line 257, in monitorear_acciones_dispositivo
    logs = conn.get_attendance() or []
  File "C:\Users\julia\AppData\Local\Programs\Python\Python310\lib\site-packages\zk\base.py", line 1547, in get_attendance
    self.read_sizes()
  File "C:\Users\julia\AppData\Local\Programs\Python\Python310\lib\site-packages\zk\base.py", line 658, in read_sizes
    cmd_response = self.__send_command(command,b'', response_size)
  File "C:\Users\julia\AppData\Local\Programs\Python\Python310\lib\site-packages\zk\base.py", line 260, in __send_command
    raise ZKNetworkError(str(e))
zk.exception.ZKNetworkError: [WinError 10054] Se ha forzado la interrupción de una conexión existente por el host remoto

[2026-03-24T13:10:55.123396] Error en loop de monitoreo: [WinError 10054] Se ha forzado la interrupción de una conexión existente por el host remoto
Traceback (most recent call last):
  File "C:\Users\julia\AppData\Local\Programs\Python\Python310\lib\site-packages\zk\base.py", line 248, in __send_command
    self.__sock.send(top)
ConnectionResetError: [WinError 10054] Se ha forzado la interrupción de una conexión existente por el host remoto

During handling of the above exception, another exception occurred:

Traceback (most recent call last):
  File "c:\Users\julia\Documents\GitHub\Python_0_to_hero\Ejercicios\Biometricos\EJ 01.py", line 257, in monitorear_acciones_dispositivo
    logs = conn.get_attendance() or []
  File "C:\Users\julia\AppData\Local\Programs\Python\Python310\lib\site-packages\zk\base.py", line 1547, in get_attendance
    self.read_sizes()
  File "C:\Users\julia\AppData\Local\Programs\Python\Python310\lib\site-packages\zk\base.py", line 658, in read_sizes
    cmd_response = self.__send_command(command,b'', response_size)
  File "C:\Users\julia\AppData\Local\Programs\Python\Python310\lib\site-packages\zk\base.py", line 260, in __send_command
    raise ZKNetworkError(str(e))
zk.exception.ZKNetworkError: [WinError 10054] Se ha forzado la interrupción de una conexión existente por el host remoto

[2026-03-24T13:10:58.133097] Error en loop de monitoreo: [WinError 10054] Se ha forzado la interrupción de una conexión existente por el host remoto
Traceback (most recent call last):
  File "C:\Users\julia\AppData\Local\Programs\Python\Python310\lib\site-packages\zk\base.py", line 248, in __send_command
    self.__sock.send(top)
ConnectionResetError: [WinError 10054] Se ha forzado la interrupción de una conexión existente por el host remoto

During handling of the above exception, another exception occurred:

Traceback (most recent call last):
  File "c:\Users\julia\Documents\GitHub\Python_0_to_hero\Ejercicios\Biometricos\EJ 01.py", line 257, in monitorear_acciones_dispositivo
    logs = conn.get_attendance() or []
  File "C:\Users\julia\AppData\Local\Programs\Python\Python310\lib\site-packages\zk\base.py", line 1547, in get_attendance
    self.read_sizes()
  File "C:\Users\julia\AppData\Local\Programs\Python\Python310\lib\site-packages\zk\base.py", line 658, in read_sizes
    cmd_response = self.__send_command(command,b'', response_size)
  File "C:\Users\julia\AppData\Local\Programs\Python\Python310\lib\site-packages\zk\base.py", line 260, in __send_command
    raise ZKNetworkError(str(e))
zk.exception.ZKNetworkError: [WinError 10054] Se ha forzado la interrupción de una conexión existente por el host remoto

[2026-03-24T13:11:01.142922] Error en loop de monitoreo: [WinError 10054] Se ha forzado la interrupción de una conexión existente por el host remoto
Traceback (most recent call last):
  File "C:\Users\julia\AppData\Local\Programs\Python\Python310\lib\site-packages\zk\base.py", line 248, in __send_command
    self.__sock.send(top)
ConnectionResetError: [WinError 10054] Se ha forzado la interrupción de una conexión existente por el host remoto

During handling of the above exception, another exception occurred:

Traceback (most recent call last):
  File "c:\Users\julia\Documents\GitHub\Python_0_to_hero\Ejercicios\Biometricos\EJ 01.py", line 257, in monitorear_acciones_dispositivo
    logs = conn.get_attendance() or []
  File "C:\Users\julia\AppData\Local\Programs\Python\Python310\lib\site-packages\zk\base.py", line 1547, in get_attendance
    self.read_sizes()
  File "C:\Users\julia\AppData\Local\Programs\Python\Python310\lib\site-packages\zk\base.py", line 658, in read_sizes
    cmd_response = self.__send_command(command,b'', response_size)
  File "C:\Users\julia\AppData\Local\Programs\Python\Python310\lib\site-packages\zk\base.py", line 260, in __send_command
    raise ZKNetworkError(str(e))
zk.exception.ZKNetworkError: [WinError 10054] Se ha forzado la interrupción de una conexión existente por el host remoto

[2026-03-24T13:11:04.146773] Error en loop de monitoreo: [WinError 10054] Se ha forzado la interrupción de una conexión existente por el host remoto
Traceback (most recent call last):
  File "C:\Users\julia\AppData\Local\Programs\Python\Python310\lib\site-packages\zk\base.py", line 248, in __send_command
    self.__sock.send(top)
ConnectionResetError: [WinError 10054] Se ha forzado la interrupción de una conexión existente por el host remoto

During handling of the above exception, another exception occurred:

Traceback (most recent call last):
  File "c:\Users\julia\Documents\GitHub\Python_0_to_hero\Ejercicios\Biometricos\EJ 01.py", line 257, in monitorear_acciones_dispositivo
    logs = conn.get_attendance() or []
  File "C:\Users\julia\AppData\Local\Programs\Python\Python310\lib\site-packages\zk\base.py", line 1547, in get_attendance
    self.read_sizes()
  File "C:\Users\julia\AppData\Local\Programs\Python\Python310\lib\site-packages\zk\base.py", line 658, in read_sizes
    cmd_response = self.__send_command(command,b'', response_size)
  File "C:\Users\julia\AppData\Local\Programs\Python\Python310\lib\site-packages\zk\base.py", line 260, in __send_command
    raise ZKNetworkError(str(e))
zk.exception.ZKNetworkError: [WinError 10054] Se ha forzado la interrupción de una conexión existente por el host remoto

[2026-03-24T13:11:07.153293] Error en loop de monitoreo: [WinError 10054] Se ha forzado la interrupción de una conexión existente por el host remoto
Traceback (most recent call last):
  File "C:\Users\julia\AppData\Local\Programs\Python\Python310\lib\site-packages\zk\base.py", line 248, in __send_command
    self.__sock.send(top)
ConnectionResetError: [WinError 10054] Se ha forzado la interrupción de una conexión existente por el host remoto

During handling of the above exception, another exception occurred:

Traceback (most recent call last):
  File "c:\Users\julia\Documents\GitHub\Python_0_to_hero\Ejercicios\Biometricos\EJ 01.py", line 257, in monitorear_acciones_dispositivo
    logs = conn.get_attendance() or []
  File "C:\Users\julia\AppData\Local\Programs\Python\Python310\lib\site-packages\zk\base.py", line 1547, in get_attendance
    self.read_sizes()
  File "C:\Users\julia\AppData\Local\Programs\Python\Python310\lib\site-packages\zk\base.py", line 658, in read_sizes
    cmd_response = self.__send_command(command,b'', response_size)
  File "C:\Users\julia\AppData\Local\Programs\Python\Python310\lib\site-packages\zk\base.py", line 260, in __send_command
    raise ZKNetworkError(str(e))
zk.exception.ZKNetworkError: [WinError 10054] Se ha forzado la interrupción de una conexión existente por el host remoto

[2026-03-24T13:11:10.160417] Error en loop de monitoreo: [WinError 10054] Se ha forzado la interrupción de una conexión existente por el host remoto
Traceback (most recent call last):
  File "C:\Users\julia\AppData\Local\Programs\Python\Python310\lib\site-packages\zk\base.py", line 248, in __send_command
    self.__sock.send(top)
ConnectionResetError: [WinError 10054] Se ha forzado la interrupción de una conexión existente por el host remoto

During handling of the above exception, another exception occurred:

Traceback (most recent call last):
  File "c:\Users\julia\Documents\GitHub\Python_0_to_hero\Ejercicios\Biometricos\EJ 01.py", line 257, in monitorear_acciones_dispositivo
    logs = conn.get_attendance() or []
  File "C:\Users\julia\AppData\Local\Programs\Python\Python310\lib\site-packages\zk\base.py", line 1547, in get_attendance
    self.read_sizes()
  File "C:\Users\julia\AppData\Local\Programs\Python\Python310\lib\site-packages\zk\base.py", line 658, in read_sizes
    cmd_response = self.__send_command(command,b'', response_size)
  File "C:\Users\julia\AppData\Local\Programs\Python\Python310\lib\site-packages\zk\base.py", line 260, in __send_command
    raise ZKNetworkError(str(e))
zk.exception.ZKNetworkError: [WinError 10054] Se ha forzado la interrupción de una conexión existente por el host remoto

[2026-03-24T13:11:13.171916] Error en loop de monitoreo: [WinError 10054] Se ha forzado la interrupción de una conexión existente por el host remoto
Traceback (most recent call last):
  File "C:\Users\julia\AppData\Local\Programs\Python\Python310\lib\site-packages\zk\base.py", line 248, in __send_command
    self.__sock.send(top)
ConnectionResetError: [WinError 10054] Se ha forzado la interrupción de una conexión existente por el host remoto

During handling of the above exception, another exception occurred:

Traceback (most recent call last):
  File "c:\Users\julia\Documents\GitHub\Python_0_to_hero\Ejercicios\Biometricos\EJ 01.py", line 257, in monitorear_acciones_dispositivo
    logs = conn.get_attendance() or []
  File "C:\Users\julia\AppData\Local\Programs\Python\Python310\lib\site-packages\zk\base.py", line 1547, in get_attendance
    self.read_sizes()
  File "C:\Users\julia\AppData\Local\Programs\Python\Python310\lib\site-packages\zk\base.py", line 658, in read_sizes
    cmd_response = self.__send_command(command,b'', response_size)
  File "C:\Users\julia\AppData\Local\Programs\Python\Python310\lib\site-packages\zk\base.py", line 260, in __send_command
    raise ZKNetworkError(str(e))
zk.exception.ZKNetworkError: [WinError 10054] Se ha forzado la interrupción de una conexión existente por el host remoto

[2026-03-24T13:11:16.185442] Error en loop de monitoreo: [WinError 10054] Se ha forzado la interrupción de una conexión existente por el host remoto
Traceback (most recent call last):
  File "C:\Users\julia\AppData\Local\Programs\Python\Python310\lib\site-packages\zk\base.py", line 248, in __send_command
    self.__sock.send(top)
ConnectionResetError: [WinError 10054] Se ha forzado la interrupción de una conexión existente por el host remoto

During handling of the above exception, another exception occurred:

Traceback (most recent call last):
  File "c:\Users\julia\Documents\GitHub\Python_0_to_hero\Ejercicios\Biometricos\EJ 01.py", line 257, in monitorear_acciones_dispositivo
    logs = conn.get_attendance() or []
  File "C:\Users\julia\AppData\Local\Programs\Python\Python310\lib\site-packages\zk\base.py", line 1547, in get_attendance
    self.read_sizes()
  File "C:\Users\julia\AppData\Local\Programs\Python\Python310\lib\site-packages\zk\base.py", line 658, in read_sizes
    cmd_response = self.__send_command(command,b'', response_size)
  File "C:\Users\julia\AppData\Local\Programs\Python\Python310\lib\site-packages\zk\base.py", line 260, in __send_command
    raise ZKNetworkError(str(e))
zk.exception.ZKNetworkError: [WinError 10054] Se ha forzado la interrupción de una conexión existente por el host remoto

[2026-03-24T13:11:19.200270] Error en loop de monitoreo: [WinError 10054] Se ha forzado la interrupción de una conexión existente por el host remoto
Traceback (most recent call last):
  File "C:\Users\julia\AppData\Local\Programs\Python\Python310\lib\site-packages\zk\base.py", line 248, in __send_command
    self.__sock.send(top)
ConnectionResetError: [WinError 10054] Se ha forzado la interrupción de una conexión existente por el host remoto

During handling of the above exception, another exception occurred:

Traceback (most recent call last):
  File "c:\Users\julia\Documents\GitHub\Python_0_to_hero\Ejercicios\Biometricos\EJ 01.py", line 257, in monitorear_acciones_dispositivo
    logs = conn.get_attendance() or []
  File "C:\Users\julia\AppData\Local\Programs\Python\Python310\lib\site-packages\zk\base.py", line 1547, in get_attendance
    self.read_sizes()
  File "C:\Users\julia\AppData\Local\Programs\Python\Python310\lib\site-packages\zk\base.py", line 658, in read_sizes
    cmd_response = self.__send_command(command,b'', response_size)
  File "C:\Users\julia\AppData\Local\Programs\Python\Python310\lib\site-packages\zk\base.py", line 260, in __send_command
    raise ZKNetworkError(str(e))
zk.exception.ZKNetworkError: [WinError 10054] Se ha forzado la interrupción de una conexión existente por el host remoto

[2026-03-24T13:11:22.215046] Error en loop de monitoreo: [WinError 10054] Se ha forzado la interrupción de una conexión existente por el host remoto
Traceback (most recent call last):
  File "C:\Users\julia\AppData\Local\Programs\Python\Python310\lib\site-packages\zk\base.py", line 248, in __send_command
    self.__sock.send(top)
ConnectionResetError: [WinError 10054] Se ha forzado la interrupción de una conexión existente por el host remoto

During handling of the above exception, another exception occurred:

Traceback (most recent call last):
  File "c:\Users\julia\Documents\GitHub\Python_0_to_hero\Ejercicios\Biometricos\EJ 01.py", line 257, in monitorear_acciones_dispositivo
    logs = conn.get_attendance() or []
  File "C:\Users\julia\AppData\Local\Programs\Python\Python310\lib\site-packages\zk\base.py", line 1547, in get_attendance
    self.read_sizes()
  File "C:\Users\julia\AppData\Local\Programs\Python\Python310\lib\site-packages\zk\base.py", line 658, in read_sizes
    cmd_response = self.__send_command(command,b'', response_size)
  File "C:\Users\julia\AppData\Local\Programs\Python\Python310\lib\site-packages\zk\base.py", line 260, in __send_command
    raise ZKNetworkError(str(e))
zk.exception.ZKNetworkError: [WinError 10054] Se ha forzado la interrupción de una conexión existente por el host remoto

[2026-03-24T13:11:25.226517] Error en loop de monitoreo: [WinError 10054] Se ha forzado la interrupción de una conexión existente por el host remoto
Traceback (most recent call last):
  File "C:\Users\julia\AppData\Local\Programs\Python\Python310\lib\site-packages\zk\base.py", line 248, in __send_command
    self.__sock.send(top)
ConnectionResetError: [WinError 10054] Se ha forzado la interrupción de una conexión existente por el host remoto

During handling of the above exception, another exception occurred:

Traceback (most recent call last):
  File "c:\Users\julia\Documents\GitHub\Python_0_to_hero\Ejercicios\Biometricos\EJ 01.py", line 257, in monitorear_acciones_dispositivo
    logs = conn.get_attendance() or []
  File "C:\Users\julia\AppData\Local\Programs\Python\Python310\lib\site-packages\zk\base.py", line 1547, in get_attendance
    self.read_sizes()
  File "C:\Users\julia\AppData\Local\Programs\Python\Python310\lib\site-packages\zk\base.py", line 658, in read_sizes
    cmd_response = self.__send_command(command,b'', response_size)
  File "C:\Users\julia\AppData\Local\Programs\Python\Python310\lib\site-packages\zk\base.py", line 260, in __send_command
    raise ZKNetworkError(str(e))
zk.exception.ZKNetworkError: [WinError 10054] Se ha forzado la interrupción de una conexión existente por el host remoto

[2026-03-24T13:11:28.234106] Error en loop de monitoreo: [WinError 10054] Se ha forzado la interrupción de una conexión existente por el host remoto
Traceback (most recent call last):
  File "C:\Users\julia\AppData\Local\Programs\Python\Python310\lib\site-packages\zk\base.py", line 248, in __send_command
    self.__sock.send(top)
ConnectionResetError: [WinError 10054] Se ha forzado la interrupción de una conexión existente por el host remoto

During handling of the above exception, another exception occurred:

Traceback (most recent call last):
  File "c:\Users\julia\Documents\GitHub\Python_0_to_hero\Ejercicios\Biometricos\EJ 01.py", line 257, in monitorear_acciones_dispositivo
    logs = conn.get_attendance() or []
  File "C:\Users\julia\AppData\Local\Programs\Python\Python310\lib\site-packages\zk\base.py", line 1547, in get_attendance
    self.read_sizes()
  File "C:\Users\julia\AppData\Local\Programs\Python\Python310\lib\site-packages\zk\base.py", line 658, in read_sizes
    cmd_response = self.__send_command(command,b'', response_size)
  File "C:\Users\julia\AppData\Local\Programs\Python\Python310\lib\site-packages\zk\base.py", line 260, in __send_command
    raise ZKNetworkError(str(e))
zk.exception.ZKNetworkError: [WinError 10054] Se ha forzado la interrupción de una conexión existente por el host remoto

[2026-03-24T13:11:31.242712] Error en loop de monitoreo: [WinError 10054] Se ha forzado la interrupción de una conexión existente por el host remoto
Traceback (most recent call last):
  File "C:\Users\julia\AppData\Local\Programs\Python\Python310\lib\site-packages\zk\base.py", line 248, in __send_command
    self.__sock.send(top)
ConnectionResetError: [WinError 10054] Se ha forzado la interrupción de una conexión existente por el host remoto

During handling of the above exception, another exception occurred:

Traceback (most recent call last):
  File "c:\Users\julia\Documents\GitHub\Python_0_to_hero\Ejercicios\Biometricos\EJ 01.py", line 257, in monitorear_acciones_dispositivo
    logs = conn.get_attendance() or []
  File "C:\Users\julia\AppData\Local\Programs\Python\Python310\lib\site-packages\zk\base.py", line 1547, in get_attendance
    self.read_sizes()
  File "C:\Users\julia\AppData\Local\Programs\Python\Python310\lib\site-packages\zk\base.py", line 658, in read_sizes
    cmd_response = self.__send_command(command,b'', response_size)
  File "C:\Users\julia\AppData\Local\Programs\Python\Python310\lib\site-packages\zk\base.py", line 260, in __send_command
    raise ZKNetworkError(str(e))
zk.exception.ZKNetworkError: [WinError 10054] Se ha forzado la interrupción de una conexión existente por el host remoto

[2026-03-24T13:11:34.255214] Error en loop de monitoreo: [WinError 10054] Se ha forzado la interrupción de una conexión existente por el host remoto
Traceback (most recent call last):
  File "C:\Users\julia\AppData\Local\Programs\Python\Python310\lib\site-packages\zk\base.py", line 248, in __send_command
    self.__sock.send(top)
ConnectionResetError: [WinError 10054] Se ha forzado la interrupción de una conexión existente por el host remoto

During handling of the above exception, another exception occurred:

Traceback (most recent call last):
  File "c:\Users\julia\Documents\GitHub\Python_0_to_hero\Ejercicios\Biometricos\EJ 01.py", line 257, in monitorear_acciones_dispositivo
    logs = conn.get_attendance() or []
  File "C:\Users\julia\AppData\Local\Programs\Python\Python310\lib\site-packages\zk\base.py", line 1547, in get_attendance
    self.read_sizes()
  File "C:\Users\julia\AppData\Local\Programs\Python\Python310\lib\site-packages\zk\base.py", line 658, in read_sizes
    cmd_response = self.__send_command(command,b'', response_size)
  File "C:\Users\julia\AppData\Local\Programs\Python\Python310\lib\site-packages\zk\base.py", line 260, in __send_command
    raise ZKNetworkError(str(e))
zk.exception.ZKNetworkError: [WinError 10054] Se ha forzado la interrupción de una conexión existente por el host remoto

[2026-03-24T13:11:37.261865] Error en loop de monitoreo: [WinError 10054] Se ha forzado la interrupción de una conexión existente por el host remoto
Traceback (most recent call last):
  File "C:\Users\julia\AppData\Local\Programs\Python\Python310\lib\site-packages\zk\base.py", line 248, in __send_command
    self.__sock.send(top)
ConnectionResetError: [WinError 10054] Se ha forzado la interrupción de una conexión existente por el host remoto

During handling of the above exception, another exception occurred:

Traceback (most recent call last):
  File "c:\Users\julia\Documents\GitHub\Python_0_to_hero\Ejercicios\Biometricos\EJ 01.py", line 257, in monitorear_acciones_dispositivo
    logs = conn.get_attendance() or []
  File "C:\Users\julia\AppData\Local\Programs\Python\Python310\lib\site-packages\zk\base.py", line 1547, in get_attendance
    self.read_sizes()
  File "C:\Users\julia\AppData\Local\Programs\Python\Python310\lib\site-packages\zk\base.py", line 658, in read_sizes
    cmd_response = self.__send_command(command,b'', response_size)
  File "C:\Users\julia\AppData\Local\Programs\Python\Python310\lib\site-packages\zk\base.py", line 260, in __send_command
    raise ZKNetworkError(str(e))
zk.exception.ZKNetworkError: [WinError 10054] Se ha forzado la interrupción de una conexión existente por el host remoto

[2026-03-24T13:11:40.278143] Error en loop de monitoreo: [WinError 10054] Se ha forzado la interrupción de una conexión existente por el host remoto
Traceback (most recent call last):
  File "C:\Users\julia\AppData\Local\Programs\Python\Python310\lib\site-packages\zk\base.py", line 248, in __send_command
    self.__sock.send(top)
ConnectionResetError: [WinError 10054] Se ha forzado la interrupción de una conexión existente por el host remoto

During handling of the above exception, another exception occurred:

Traceback (most recent call last):
  File "c:\Users\julia\Documents\GitHub\Python_0_to_hero\Ejercicios\Biometricos\EJ 01.py", line 257, in monitorear_acciones_dispositivo
    logs = conn.get_attendance() or []
  File "C:\Users\julia\AppData\Local\Programs\Python\Python310\lib\site-packages\zk\base.py", line 1547, in get_attendance
    self.read_sizes()
  File "C:\Users\julia\AppData\Local\Programs\Python\Python310\lib\site-packages\zk\base.py", line 658, in read_sizes
    cmd_response = self.__send_command(command,b'', response_size)
  File "C:\Users\julia\AppData\Local\Programs\Python\Python310\lib\site-packages\zk\base.py", line 260, in __send_command
    raise ZKNetworkError(str(e))
zk.exception.ZKNetworkError: [WinError 10054] Se ha forzado la interrupción de una conexión existente por el host remoto

[2026-03-24T13:11:43.281831] Error en loop de monitoreo: [WinError 10054] Se ha forzado la interrupción de una conexión existente por el host remoto
Traceback (most recent call last):
  File "C:\Users\julia\AppData\Local\Programs\Python\Python310\lib\site-packages\zk\base.py", line 248, in __send_command
    self.__sock.send(top)
ConnectionResetError: [WinError 10054] Se ha forzado la interrupción de una conexión existente por el host remoto

During handling of the above exception, another exception occurred:

Traceback (most recent call last):
  File "c:\Users\julia\Documents\GitHub\Python_0_to_hero\Ejercicios\Biometricos\EJ 01.py", line 257, in monitorear_acciones_dispositivo
    logs = conn.get_attendance() or []
  File "C:\Users\julia\AppData\Local\Programs\Python\Python310\lib\site-packages\zk\base.py", line 1547, in get_attendance
    self.read_sizes()
  File "C:\Users\julia\AppData\Local\Programs\Python\Python310\lib\site-packages\zk\base.py", line 658, in read_sizes
    cmd_response = self.__send_command(command,b'', response_size)
  File "C:\Users\julia\AppData\Local\Programs\Python\Python310\lib\site-packages\zk\base.py", line 260, in __send_command
    raise ZKNetworkError(str(e))
zk.exception.ZKNetworkError: [WinError 10054] Se ha forzado la interrupción de una conexión existente por el host remoto

[2026-03-24T13:11:46.293536] Error en loop de monitoreo: [WinError 10054] Se ha forzado la interrupción de una conexión existente por el host remoto
Traceback (most recent call last):
  File "C:\Users\julia\AppData\Local\Programs\Python\Python310\lib\site-packages\zk\base.py", line 248, in __send_command
    self.__sock.send(top)
ConnectionResetError: [WinError 10054] Se ha forzado la interrupción de una conexión existente por el host remoto

During handling of the above exception, another exception occurred:

Traceback (most recent call last):
  File "c:\Users\julia\Documents\GitHub\Python_0_to_hero\Ejercicios\Biometricos\EJ 01.py", line 257, in monitorear_acciones_dispositivo
    logs = conn.get_attendance() or []
  File "C:\Users\julia\AppData\Local\Programs\Python\Python310\lib\site-packages\zk\base.py", line 1547, in get_attendance
    self.read_sizes()
  File "C:\Users\julia\AppData\Local\Programs\Python\Python310\lib\site-packages\zk\base.py", line 658, in read_sizes
    cmd_response = self.__send_command(command,b'', response_size)
  File "C:\Users\julia\AppData\Local\Programs\Python\Python310\lib\site-packages\zk\base.py", line 260, in __send_command
    raise ZKNetworkError(str(e))
zk.exception.ZKNetworkError: [WinError 10054] Se ha forzado la interrupción de una conexión existente por el host remoto

[2026-03-24T13:11:49.311727] Error en loop de monitoreo: [WinError 10054] Se ha forzado la interrupción de una conexión existente por el host remoto
Traceback (most recent call last):
  File "C:\Users\julia\AppData\Local\Programs\Python\Python310\lib\site-packages\zk\base.py", line 248, in __send_command
    self.__sock.send(top)
ConnectionResetError: [WinError 10054] Se ha forzado la interrupción de una conexión existente por el host remoto

During handling of the above exception, another exception occurred:

Traceback (most recent call last):
  File "c:\Users\julia\Documents\GitHub\Python_0_to_hero\Ejercicios\Biometricos\EJ 01.py", line 257, in monitorear_acciones_dispositivo
    logs = conn.get_attendance() or []
  File "C:\Users\julia\AppData\Local\Programs\Python\Python310\lib\site-packages\zk\base.py", line 1547, in get_attendance
    self.read_sizes()
  File "C:\Users\julia\AppData\Local\Programs\Python\Python310\lib\site-packages\zk\base.py", line 658, in read_sizes
    cmd_response = self.__send_command(command,b'', response_size)
  File "C:\Users\julia\AppData\Local\Programs\Python\Python310\lib\site-packages\zk\base.py", line 260, in __send_command
    raise ZKNetworkError(str(e))
zk.exception.ZKNetworkError: [WinError 10054] Se ha forzado la interrupción de una conexión existente por el host remoto

[2026-03-24T13:11:52.324423] Error en loop de monitoreo: [WinError 10054] Se ha forzado la interrupción de una conexión existente por el host remoto
Traceback (most recent call last):
  File "C:\Users\julia\AppData\Local\Programs\Python\Python310\lib\site-packages\zk\base.py", line 248, in __send_command
    self.__sock.send(top)
ConnectionResetError: [WinError 10054] Se ha forzado la interrupción de una conexión existente por el host remoto

During handling of the above exception, another exception occurred:

Traceback (most recent call last):
  File "c:\Users\julia\Documents\GitHub\Python_0_to_hero\Ejercicios\Biometricos\EJ 01.py", line 257, in monitorear_acciones_dispositivo
    logs = conn.get_attendance() or []
  File "C:\Users\julia\AppData\Local\Programs\Python\Python310\lib\site-packages\zk\base.py", line 1547, in get_attendance
    self.read_sizes()
  File "C:\Users\julia\AppData\Local\Programs\Python\Python310\lib\site-packages\zk\base.py", line 658, in read_sizes
    cmd_response = self.__send_command(command,b'', response_size)
  File "C:\Users\julia\AppData\Local\Programs\Python\Python310\lib\site-packages\zk\base.py", line 260, in __send_command
    raise ZKNetworkError(str(e))
zk.exception.ZKNetworkError: [WinError 10054] Se ha forzado la interrupción de una conexión existente por el host remoto

[2026-03-24T13:11:55.337304] Error en loop de monitoreo: [WinError 10054] Se ha forzado la interrupción de una conexión existente por el host remoto
Traceback (most recent call last):
  File "C:\Users\julia\AppData\Local\Programs\Python\Python310\lib\site-packages\zk\base.py", line 248, in __send_command
    self.__sock.send(top)
ConnectionResetError: [WinError 10054] Se ha forzado la interrupción de una conexión existente por el host remoto

During handling of the above exception, another exception occurred:

Traceback (most recent call last):
  File "c:\Users\julia\Documents\GitHub\Python_0_to_hero\Ejercicios\Biometricos\EJ 01.py", line 257, in monitorear_acciones_dispositivo
    logs = conn.get_attendance() or []
  File "C:\Users\julia\AppData\Local\Programs\Python\Python310\lib\site-packages\zk\base.py", line 1547, in get_attendance
    self.read_sizes()
  File "C:\Users\julia\AppData\Local\Programs\Python\Python310\lib\site-packages\zk\base.py", line 658, in read_sizes
    cmd_response = self.__send_command(command,b'', response_size)
  File "C:\Users\julia\AppData\Local\Programs\Python\Python310\lib\site-packages\zk\base.py", line 260, in __send_command
    raise ZKNetworkError(str(e))
zk.exception.ZKNetworkError: [WinError 10054] Se ha forzado la interrupción de una conexión existente por el host remoto

[2026-03-24T13:11:58.344611] Error en loop de monitoreo: [WinError 10054] Se ha forzado la interrupción de una conexión existente por el host remoto
Traceback (most recent call last):
  File "C:\Users\julia\AppData\Local\Programs\Python\Python310\lib\site-packages\zk\base.py", line 248, in __send_command
    self.__sock.send(top)
ConnectionResetError: [WinError 10054] Se ha forzado la interrupción de una conexión existente por el host remoto

During handling of the above exception, another exception occurred:

Traceback (most recent call last):
  File "c:\Users\julia\Documents\GitHub\Python_0_to_hero\Ejercicios\Biometricos\EJ 01.py", line 257, in monitorear_acciones_dispositivo
    logs = conn.get_attendance() or []
  File "C:\Users\julia\AppData\Local\Programs\Python\Python310\lib\site-packages\zk\base.py", line 1547, in get_attendance
    self.read_sizes()
  File "C:\Users\julia\AppData\Local\Programs\Python\Python310\lib\site-packages\zk\base.py", line 658, in read_sizes
    cmd_response = self.__send_command(command,b'', response_size)
  File "C:\Users\julia\AppData\Local\Programs\Python\Python310\lib\site-packages\zk\base.py", line 260, in __send_command
    raise ZKNetworkError(str(e))
zk.exception.ZKNetworkError: [WinError 10054] Se ha forzado la interrupción de una conexión existente por el host remoto

[2026-03-24T13:12:01.353043] Error en loop de monitoreo: [WinError 10054] Se ha forzado la interrupción de una conexión existente por el host remoto
Traceback (most recent call last):
  File "C:\Users\julia\AppData\Local\Programs\Python\Python310\lib\site-packages\zk\base.py", line 248, in __send_command
    self.__sock.send(top)
ConnectionResetError: [WinError 10054] Se ha forzado la interrupción de una conexión existente por el host remoto

During handling of the above exception, another exception occurred:

Traceback (most recent call last):
  File "c:\Users\julia\Documents\GitHub\Python_0_to_hero\Ejercicios\Biometricos\EJ 01.py", line 257, in monitorear_acciones_dispositivo
    logs = conn.get_attendance() or []
  File "C:\Users\julia\AppData\Local\Programs\Python\Python310\lib\site-packages\zk\base.py", line 1547, in get_attendance
    self.read_sizes()
  File "C:\Users\julia\AppData\Local\Programs\Python\Python310\lib\site-packages\zk\base.py", line 658, in read_sizes
    cmd_response = self.__send_command(command,b'', response_size)
  File "C:\Users\julia\AppData\Local\Programs\Python\Python310\lib\site-packages\zk\base.py", line 260, in __send_command
    raise ZKNetworkError(str(e))
zk.exception.ZKNetworkError: [WinError 10054] Se ha forzado la interrupción de una conexión existente por el host remoto

[2026-03-24T13:12:04.367286] Error en loop de monitoreo: [WinError 10054] Se ha forzado la interrupción de una conexión existente por el host remoto
Traceback (most recent call last):
  File "C:\Users\julia\AppData\Local\Programs\Python\Python310\lib\site-packages\zk\base.py", line 248, in __send_command
    self.__sock.send(top)
ConnectionResetError: [WinError 10054] Se ha forzado la interrupción de una conexión existente por el host remoto

During handling of the above exception, another exception occurred:

Traceback (most recent call last):
  File "c:\Users\julia\Documents\GitHub\Python_0_to_hero\Ejercicios\Biometricos\EJ 01.py", line 257, in monitorear_acciones_dispositivo
    logs = conn.get_attendance() or []
  File "C:\Users\julia\AppData\Local\Programs\Python\Python310\lib\site-packages\zk\base.py", line 1547, in get_attendance
    self.read_sizes()
  File "C:\Users\julia\AppData\Local\Programs\Python\Python310\lib\site-packages\zk\base.py", line 658, in read_sizes
    cmd_response = self.__send_command(command,b'', response_size)
  File "C:\Users\julia\AppData\Local\Programs\Python\Python310\lib\site-packages\zk\base.py", line 260, in __send_command
    raise ZKNetworkError(str(e))
zk.exception.ZKNetworkError: [WinError 10054] Se ha forzado la interrupción de una conexión existente por el host remoto

[2026-03-24T13:12:07.386993] Error en loop de monitoreo: [WinError 10054] Se ha forzado la interrupción de una conexión existente por el host remoto
Traceback (most recent call last):
  File "C:\Users\julia\AppData\Local\Programs\Python\Python310\lib\site-packages\zk\base.py", line 248, in __send_command
    self.__sock.send(top)
ConnectionResetError: [WinError 10054] Se ha forzado la interrupción de una conexión existente por el host remoto

During handling of the above exception, another exception occurred:

Traceback (most recent call last):
  File "c:\Users\julia\Documents\GitHub\Python_0_to_hero\Ejercicios\Biometricos\EJ 01.py", line 257, in monitorear_acciones_dispositivo
    logs = conn.get_attendance() or []
  File "C:\Users\julia\AppData\Local\Programs\Python\Python310\lib\site-packages\zk\base.py", line 1547, in get_attendance
    self.read_sizes()
  File "C:\Users\julia\AppData\Local\Programs\Python\Python310\lib\site-packages\zk\base.py", line 658, in read_sizes
    cmd_response = self.__send_command(command,b'', response_size)
  File "C:\Users\julia\AppData\Local\Programs\Python\Python310\lib\site-packages\zk\base.py", line 260, in __send_command
    raise ZKNetworkError(str(e))
zk.exception.ZKNetworkError: [WinError 10054] Se ha forzado la interrupción de una conexión existente por el host remoto

[2026-03-24T13:12:10.401375] Error en loop de monitoreo: [WinError 10054] Se ha forzado la interrupción de una conexión existente por el host remoto
Traceback (most recent call last):
  File "C:\Users\julia\AppData\Local\Programs\Python\Python310\lib\site-packages\zk\base.py", line 248, in __send_command
    self.__sock.send(top)
ConnectionResetError: [WinError 10054] Se ha forzado la interrupción de una conexión existente por el host remoto

During handling of the above exception, another exception occurred:

Traceback (most recent call last):
  File "c:\Users\julia\Documents\GitHub\Python_0_to_hero\Ejercicios\Biometricos\EJ 01.py", line 257, in monitorear_acciones_dispositivo
    logs = conn.get_attendance() or []
  File "C:\Users\julia\AppData\Local\Programs\Python\Python310\lib\site-packages\zk\base.py", line 1547, in get_attendance
    self.read_sizes()
  File "C:\Users\julia\AppData\Local\Programs\Python\Python310\lib\site-packages\zk\base.py", line 658, in read_sizes
    cmd_response = self.__send_command(command,b'', response_size)
  File "C:\Users\julia\AppData\Local\Programs\Python\Python310\lib\site-packages\zk\base.py", line 260, in __send_command
    raise ZKNetworkError(str(e))
zk.exception.ZKNetworkError: [WinError 10054] Se ha forzado la interrupción de una conexión existente por el host remoto

[2026-03-24T13:12:13.417605] Error en loop de monitoreo: [WinError 10054] Se ha forzado la interrupción de una conexión existente por el host remoto
Traceback (most recent call last):
  File "C:\Users\julia\AppData\Local\Programs\Python\Python310\lib\site-packages\zk\base.py", line 248, in __send_command
    self.__sock.send(top)
ConnectionResetError: [WinError 10054] Se ha forzado la interrupción de una conexión existente por el host remoto

During handling of the above exception, another exception occurred:

Traceback (most recent call last):
  File "c:\Users\julia\Documents\GitHub\Python_0_to_hero\Ejercicios\Biometricos\EJ 01.py", line 257, in monitorear_acciones_dispositivo
    logs = conn.get_attendance() or []
  File "C:\Users\julia\AppData\Local\Programs\Python\Python310\lib\site-packages\zk\base.py", line 1547, in get_attendance
    self.read_sizes()
  File "C:\Users\julia\AppData\Local\Programs\Python\Python310\lib\site-packages\zk\base.py", line 658, in read_sizes
    cmd_response = self.__send_command(command,b'', response_size)
  File "C:\Users\julia\AppData\Local\Programs\Python\Python310\lib\site-packages\zk\base.py", line 260, in __send_command
    raise ZKNetworkError(str(e))
zk.exception.ZKNetworkError: [WinError 10054] Se ha forzado la interrupción de una conexión existente por el host remoto

[2026-03-24T13:12:16.422709] Error en loop de monitoreo: [WinError 10054] Se ha forzado la interrupción de una conexión existente por el host remoto
Traceback (most recent call last):
  File "C:\Users\julia\AppData\Local\Programs\Python\Python310\lib\site-packages\zk\base.py", line 248, in __send_command
    self.__sock.send(top)
ConnectionResetError: [WinError 10054] Se ha forzado la interrupción de una conexión existente por el host remoto

During handling of the above exception, another exception occurred:

Traceback (most recent call last):
  File "c:\Users\julia\Documents\GitHub\Python_0_to_hero\Ejercicios\Biometricos\EJ 01.py", line 257, in monitorear_acciones_dispositivo
    logs = conn.get_attendance() or []
  File "C:\Users\julia\AppData\Local\Programs\Python\Python310\lib\site-packages\zk\base.py", line 1547, in get_attendance
    self.read_sizes()
  File "C:\Users\julia\AppData\Local\Programs\Python\Python310\lib\site-packages\zk\base.py", line 658, in read_sizes
    cmd_response = self.__send_command(command,b'', response_size)
  File "C:\Users\julia\AppData\Local\Programs\Python\Python310\lib\site-packages\zk\base.py", line 260, in __send_command
    raise ZKNetworkError(str(e))
zk.exception.ZKNetworkError: [WinError 10054] Se ha forzado la interrupción de una conexión existente por el host remoto

[2026-03-24T13:12:19.433183] Error en loop de monitoreo: [WinError 10054] Se ha forzado la interrupción de una conexión existente por el host remoto
Traceback (most recent call last):
  File "C:\Users\julia\AppData\Local\Programs\Python\Python310\lib\site-packages\zk\base.py", line 248, in __send_command
    self.__sock.send(top)
ConnectionResetError: [WinError 10054] Se ha forzado la interrupción de una conexión existente por el host remoto

During handling of the above exception, another exception occurred:

Traceback (most recent call last):
  File "c:\Users\julia\Documents\GitHub\Python_0_to_hero\Ejercicios\Biometricos\EJ 01.py", line 257, in monitorear_acciones_dispositivo
    logs = conn.get_attendance() or []
  File "C:\Users\julia\AppData\Local\Programs\Python\Python310\lib\site-packages\zk\base.py", line 1547, in get_attendance
    self.read_sizes()
  File "C:\Users\julia\AppData\Local\Programs\Python\Python310\lib\site-packages\zk\base.py", line 658, in read_sizes
    cmd_response = self.__send_command(command,b'', response_size)
  File "C:\Users\julia\AppData\Local\Programs\Python\Python310\lib\site-packages\zk\base.py", line 260, in __send_command
    raise ZKNetworkError(str(e))
zk.exception.ZKNetworkError: [WinError 10054] Se ha forzado la interrupción de una conexión existente por el host remoto

[2026-03-24T13:12:22.444842] Error en loop de monitoreo: [WinError 10054] Se ha forzado la interrupción de una conexión existente por el host remoto
Traceback (most recent call last):
  File "C:\Users\julia\AppData\Local\Programs\Python\Python310\lib\site-packages\zk\base.py", line 248, in __send_command
    self.__sock.send(top)
ConnectionResetError: [WinError 10054] Se ha forzado la interrupción de una conexión existente por el host remoto

During handling of the above exception, another exception occurred:

Traceback (most recent call last):
  File "c:\Users\julia\Documents\GitHub\Python_0_to_hero\Ejercicios\Biometricos\EJ 01.py", line 257, in monitorear_acciones_dispositivo
    logs = conn.get_attendance() or []
  File "C:\Users\julia\AppData\Local\Programs\Python\Python310\lib\site-packages\zk\base.py", line 1547, in get_attendance
    self.read_sizes()
  File "C:\Users\julia\AppData\Local\Programs\Python\Python310\lib\site-packages\zk\base.py", line 658, in read_sizes
    cmd_response = self.__send_command(command,b'', response_size)
  File "C:\Users\julia\AppData\Local\Programs\Python\Python310\lib\site-packages\zk\base.py", line 260, in __send_command
    raise ZKNetworkError(str(e))
zk.exception.ZKNetworkError: [WinError 10054] Se ha forzado la interrupción de una conexión existente por el host remoto

[2026-03-24T13:12:25.452278] Error en loop de monitoreo: [WinError 10054] Se ha forzado la interrupción de una conexión existente por el host remoto
Traceback (most recent call last):
  File "C:\Users\julia\AppData\Local\Programs\Python\Python310\lib\site-packages\zk\base.py", line 248, in __send_command
    self.__sock.send(top)
ConnectionResetError: [WinError 10054] Se ha forzado la interrupción de una conexión existente por el host remoto

During handling of the above exception, another exception occurred:

Traceback (most recent call last):
  File "c:\Users\julia\Documents\GitHub\Python_0_to_hero\Ejercicios\Biometricos\EJ 01.py", line 257, in monitorear_acciones_dispositivo
    logs = conn.get_attendance() or []
  File "C:\Users\julia\AppData\Local\Programs\Python\Python310\lib\site-packages\zk\base.py", line 1547, in get_attendance
    self.read_sizes()
  File "C:\Users\julia\AppData\Local\Programs\Python\Python310\lib\site-packages\zk\base.py", line 658, in read_sizes
    cmd_response = self.__send_command(command,b'', response_size)
  File "C:\Users\julia\AppData\Local\Programs\Python\Python310\lib\site-packages\zk\base.py", line 260, in __send_command
    raise ZKNetworkError(str(e))
zk.exception.ZKNetworkError: [WinError 10054] Se ha forzado la interrupción de una conexión existente por el host remoto

[2026-03-24T13:12:28.464155] Error en loop de monitoreo: [WinError 10054] Se ha forzado la interrupción de una conexión existente por el host remoto
Traceback (most recent call last):
  File "C:\Users\julia\AppData\Local\Programs\Python\Python310\lib\site-packages\zk\base.py", line 248, in __send_command
    self.__sock.send(top)
ConnectionResetError: [WinError 10054] Se ha forzado la interrupción de una conexión existente por el host remoto

During handling of the above exception, another exception occurred:

Traceback (most recent call last):
  File "c:\Users\julia\Documents\GitHub\Python_0_to_hero\Ejercicios\Biometricos\EJ 01.py", line 257, in monitorear_acciones_dispositivo
    logs = conn.get_attendance() or []
  File "C:\Users\julia\AppData\Local\Programs\Python\Python310\lib\site-packages\zk\base.py", line 1547, in get_attendance
    self.read_sizes()
  File "C:\Users\julia\AppData\Local\Programs\Python\Python310\lib\site-packages\zk\base.py", line 658, in read_sizes
    cmd_response = self.__send_command(command,b'', response_size)
  File "C:\Users\julia\AppData\Local\Programs\Python\Python310\lib\site-packages\zk\base.py", line 260, in __send_command
    raise ZKNetworkError(str(e))
zk.exception.ZKNetworkError: [WinError 10054] Se ha forzado la interrupción de una conexión existente por el host remoto

[2026-03-24T13:12:31.469512] Error en loop de monitoreo: [WinError 10054] Se ha forzado la interrupción de una conexión existente por el host remoto
Traceback (most recent call last):
  File "C:\Users\julia\AppData\Local\Programs\Python\Python310\lib\site-packages\zk\base.py", line 248, in __send_command
    self.__sock.send(top)
ConnectionResetError: [WinError 10054] Se ha forzado la interrupción de una conexión existente por el host remoto

During handling of the above exception, another exception occurred:

Traceback (most recent call last):
  File "c:\Users\julia\Documents\GitHub\Python_0_to_hero\Ejercicios\Biometricos\EJ 01.py", line 257, in monitorear_acciones_dispositivo
    logs = conn.get_attendance() or []
  File "C:\Users\julia\AppData\Local\Programs\Python\Python310\lib\site-packages\zk\base.py", line 1547, in get_attendance
    self.read_sizes()
  File "C:\Users\julia\AppData\Local\Programs\Python\Python310\lib\site-packages\zk\base.py", line 658, in read_sizes
    cmd_response = self.__send_command(command,b'', response_size)
  File "C:\Users\julia\AppData\Local\Programs\Python\Python310\lib\site-packages\zk\base.py", line 260, in __send_command
    raise ZKNetworkError(str(e))
zk.exception.ZKNetworkError: [WinError 10054] Se ha forzado la interrupción de una conexión existente por el host remoto

[2026-03-24T13:12:34.477296] Error en loop de monitoreo: [WinError 10054] Se ha forzado la interrupción de una conexión existente por el host remoto
Traceback (most recent call last):
  File "C:\Users\julia\AppData\Local\Programs\Python\Python310\lib\site-packages\zk\base.py", line 248, in __send_command
    self.__sock.send(top)
ConnectionResetError: [WinError 10054] Se ha forzado la interrupción de una conexión existente por el host remoto

During handling of the above exception, another exception occurred:

Traceback (most recent call last):
  File "c:\Users\julia\Documents\GitHub\Python_0_to_hero\Ejercicios\Biometricos\EJ 01.py", line 257, in monitorear_acciones_dispositivo
    logs = conn.get_attendance() or []
  File "C:\Users\julia\AppData\Local\Programs\Python\Python310\lib\site-packages\zk\base.py", line 1547, in get_attendance
    self.read_sizes()
  File "C:\Users\julia\AppData\Local\Programs\Python\Python310\lib\site-packages\zk\base.py", line 658, in read_sizes
    cmd_response = self.__send_command(command,b'', response_size)
  File "C:\Users\julia\AppData\Local\Programs\Python\Python310\lib\site-packages\zk\base.py", line 260, in __send_command
    raise ZKNetworkError(str(e))
zk.exception.ZKNetworkError: [WinError 10054] Se ha forzado la interrupción de una conexión existente por el host remoto

[2026-03-24T13:12:37.492564] Error en loop de monitoreo: [WinError 10054] Se ha forzado la interrupción de una conexión existente por el host remoto
Traceback (most recent call last):
  File "C:\Users\julia\AppData\Local\Programs\Python\Python310\lib\site-packages\zk\base.py", line 248, in __send_command
    self.__sock.send(top)
ConnectionResetError: [WinError 10054] Se ha forzado la interrupción de una conexión existente por el host remoto

During handling of the above exception, another exception occurred:

Traceback (most recent call last):
  File "c:\Users\julia\Documents\GitHub\Python_0_to_hero\Ejercicios\Biometricos\EJ 01.py", line 257, in monitorear_acciones_dispositivo
    logs = conn.get_attendance() or []
  File "C:\Users\julia\AppData\Local\Programs\Python\Python310\lib\site-packages\zk\base.py", line 1547, in get_attendance
    self.read_sizes()
  File "C:\Users\julia\AppData\Local\Programs\Python\Python310\lib\site-packages\zk\base.py", line 658, in read_sizes
    cmd_response = self.__send_command(command,b'', response_size)
  File "C:\Users\julia\AppData\Local\Programs\Python\Python310\lib\site-packages\zk\base.py", line 260, in __send_command
    raise ZKNetworkError(str(e))
zk.exception.ZKNetworkError: [WinError 10054] Se ha forzado la interrupción de una conexión existente por el host remoto

[2026-03-24T13:12:40.505938] Error en loop de monitoreo: [WinError 10054] Se ha forzado la interrupción de una conexión existente por el host remoto
Traceback (most recent call last):
  File "C:\Users\julia\AppData\Local\Programs\Python\Python310\lib\site-packages\zk\base.py", line 248, in __send_command
    self.__sock.send(top)
ConnectionResetError: [WinError 10054] Se ha forzado la interrupción de una conexión existente por el host remoto

During handling of the above exception, another exception occurred:

Traceback (most recent call last):
  File "c:\Users\julia\Documents\GitHub\Python_0_to_hero\Ejercicios\Biometricos\EJ 01.py", line 257, in monitorear_acciones_dispositivo
    logs = conn.get_attendance() or []
  File "C:\Users\julia\AppData\Local\Programs\Python\Python310\lib\site-packages\zk\base.py", line 1547, in get_attendance
    self.read_sizes()
  File "C:\Users\julia\AppData\Local\Programs\Python\Python310\lib\site-packages\zk\base.py", line 658, in read_sizes
    cmd_response = self.__send_command(command,b'', response_size)
  File "C:\Users\julia\AppData\Local\Programs\Python\Python310\lib\site-packages\zk\base.py", line 260, in __send_command
    raise ZKNetworkError(str(e))
zk.exception.ZKNetworkError: [WinError 10054] Se ha forzado la interrupción de una conexión existente por el host remoto

[2026-03-24T13:12:43.515598] Error en loop de monitoreo: [WinError 10054] Se ha forzado la interrupción de una conexión existente por el host remoto
Traceback (most recent call last):
  File "C:\Users\julia\AppData\Local\Programs\Python\Python310\lib\site-packages\zk\base.py", line 248, in __send_command
    self.__sock.send(top)
ConnectionResetError: [WinError 10054] Se ha forzado la interrupción de una conexión existente por el host remoto

During handling of the above exception, another exception occurred:

Traceback (most recent call last):
  File "c:\Users\julia\Documents\GitHub\Python_0_to_hero\Ejercicios\Biometricos\EJ 01.py", line 257, in monitorear_acciones_dispositivo
    logs = conn.get_attendance() or []
  File "C:\Users\julia\AppData\Local\Programs\Python\Python310\lib\site-packages\zk\base.py", line 1547, in get_attendance
    self.read_sizes()
  File "C:\Users\julia\AppData\Local\Programs\Python\Python310\lib\site-packages\zk\base.py", line 658, in read_sizes
    cmd_response = self.__send_command(command,b'', response_size)
  File "C:\Users\julia\AppData\Local\Programs\Python\Python310\lib\site-packages\zk\base.py", line 260, in __send_command
    raise ZKNetworkError(str(e))
zk.exception.ZKNetworkError: [WinError 10054] Se ha forzado la interrupción de una conexión existente por el host remoto

[2026-03-24T13:12:46.530110] Error en loop de monitoreo: [WinError 10054] Se ha forzado la interrupción de una conexión existente por el host remoto
Traceback (most recent call last):
  File "C:\Users\julia\AppData\Local\Programs\Python\Python310\lib\site-packages\zk\base.py", line 248, in __send_command
    self.__sock.send(top)
ConnectionResetError: [WinError 10054] Se ha forzado la interrupción de una conexión existente por el host remoto

During handling of the above exception, another exception occurred:

Traceback (most recent call last):
  File "c:\Users\julia\Documents\GitHub\Python_0_to_hero\Ejercicios\Biometricos\EJ 01.py", line 257, in monitorear_acciones_dispositivo
    logs = conn.get_attendance() or []
  File "C:\Users\julia\AppData\Local\Programs\Python\Python310\lib\site-packages\zk\base.py", line 1547, in get_attendance
    self.read_sizes()
  File "C:\Users\julia\AppData\Local\Programs\Python\Python310\lib\site-packages\zk\base.py", line 658, in read_sizes
    cmd_response = self.__send_command(command,b'', response_size)
  File "C:\Users\julia\AppData\Local\Programs\Python\Python310\lib\site-packages\zk\base.py", line 260, in __send_command
    raise ZKNetworkError(str(e))
zk.exception.ZKNetworkError: [WinError 10054] Se ha forzado la interrupción de una conexión existente por el host remoto

[2026-03-24T13:12:49.540219] Error en loop de monitoreo: [WinError 10054] Se ha forzado la interrupción de una conexión existente por el host remoto
Traceback (most recent call last):
  File "C:\Users\julia\AppData\Local\Programs\Python\Python310\lib\site-packages\zk\base.py", line 248, in __send_command
    self.__sock.send(top)
ConnectionResetError: [WinError 10054] Se ha forzado la interrupción de una conexión existente por el host remoto

During handling of the above exception, another exception occurred:

Traceback (most recent call last):
  File "c:\Users\julia\Documents\GitHub\Python_0_to_hero\Ejercicios\Biometricos\EJ 01.py", line 257, in monitorear_acciones_dispositivo
    logs = conn.get_attendance() or []
  File "C:\Users\julia\AppData\Local\Programs\Python\Python310\lib\site-packages\zk\base.py", line 1547, in get_attendance
    self.read_sizes()
  File "C:\Users\julia\AppData\Local\Programs\Python\Python310\lib\site-packages\zk\base.py", line 658, in read_sizes
    cmd_response = self.__send_command(command,b'', response_size)
  File "C:\Users\julia\AppData\Local\Programs\Python\Python310\lib\site-packages\zk\base.py", line 260, in __send_command
    raise ZKNetworkError(str(e))
zk.exception.ZKNetworkError: [WinError 10054] Se ha forzado la interrupción de una conexión existente por el host remoto

[2026-03-24T13:12:52.543002] Error en loop de monitoreo: [WinError 10054] Se ha forzado la interrupción de una conexión existente por el host remoto
Traceback (most recent call last):
  File "C:\Users\julia\AppData\Local\Programs\Python\Python310\lib\site-packages\zk\base.py", line 248, in __send_command
    self.__sock.send(top)
ConnectionResetError: [WinError 10054] Se ha forzado la interrupción de una conexión existente por el host remoto

During handling of the above exception, another exception occurred:

Traceback (most recent call last):
  File "c:\Users\julia\Documents\GitHub\Python_0_to_hero\Ejercicios\Biometricos\EJ 01.py", line 257, in monitorear_acciones_dispositivo
    logs = conn.get_attendance() or []
  File "C:\Users\julia\AppData\Local\Programs\Python\Python310\lib\site-packages\zk\base.py", line 1547, in get_attendance
    self.read_sizes()
  File "C:\Users\julia\AppData\Local\Programs\Python\Python310\lib\site-packages\zk\base.py", line 658, in read_sizes
    cmd_response = self.__send_command(command,b'', response_size)
  File "C:\Users\julia\AppData\Local\Programs\Python\Python310\lib\site-packages\zk\base.py", line 260, in __send_command
    raise ZKNetworkError(str(e))
zk.exception.ZKNetworkError: [WinError 10054] Se ha forzado la interrupción de una conexión existente por el host remoto

[2026-03-24T13:12:55.555277] Error en loop de monitoreo: [WinError 10054] Se ha forzado la interrupción de una conexión existente por el host remoto
Traceback (most recent call last):
  File "C:\Users\julia\AppData\Local\Programs\Python\Python310\lib\site-packages\zk\base.py", line 248, in __send_command
    self.__sock.send(top)
ConnectionResetError: [WinError 10054] Se ha forzado la interrupción de una conexión existente por el host remoto

During handling of the above exception, another exception occurred:

Traceback (most recent call last):
  File "c:\Users\julia\Documents\GitHub\Python_0_to_hero\Ejercicios\Biometricos\EJ 01.py", line 257, in monitorear_acciones_dispositivo
    logs = conn.get_attendance() or []
  File "C:\Users\julia\AppData\Local\Programs\Python\Python310\lib\site-packages\zk\base.py", line 1547, in get_attendance
    self.read_sizes()
  File "C:\Users\julia\AppData\Local\Programs\Python\Python310\lib\site-packages\zk\base.py", line 658, in read_sizes
    cmd_response = self.__send_command(command,b'', response_size)
  File "C:\Users\julia\AppData\Local\Programs\Python\Python310\lib\site-packages\zk\base.py", line 260, in __send_command
    raise ZKNetworkError(str(e))
zk.exception.ZKNetworkError: [WinError 10054] Se ha forzado la interrupción de una conexión existente por el host remoto

[2026-03-24T13:12:58.564647] Error en loop de monitoreo: [WinError 10054] Se ha forzado la interrupción de una conexión existente por el host remoto
Traceback (most recent call last):
  File "C:\Users\julia\AppData\Local\Programs\Python\Python310\lib\site-packages\zk\base.py", line 248, in __send_command
    self.__sock.send(top)
ConnectionResetError: [WinError 10054] Se ha forzado la interrupción de una conexión existente por el host remoto

During handling of the above exception, another exception occurred:

Traceback (most recent call last):
  File "c:\Users\julia\Documents\GitHub\Python_0_to_hero\Ejercicios\Biometricos\EJ 01.py", line 257, in monitorear_acciones_dispositivo
    logs = conn.get_attendance() or []
  File "C:\Users\julia\AppData\Local\Programs\Python\Python310\lib\site-packages\zk\base.py", line 1547, in get_attendance
    self.read_sizes()
  File "C:\Users\julia\AppData\Local\Programs\Python\Python310\lib\site-packages\zk\base.py", line 658, in read_sizes
    cmd_response = self.__send_command(command,b'', response_size)
  File "C:\Users\julia\AppData\Local\Programs\Python\Python310\lib\site-packages\zk\base.py", line 260, in __send_command
    raise ZKNetworkError(str(e))
zk.exception.ZKNetworkError: [WinError 10054] Se ha forzado la interrupción de una conexión existente por el host remoto

[2026-03-24T13:13:01.575983] Error en loop de monitoreo: [WinError 10054] Se ha forzado la interrupción de una conexión existente por el host remoto
Traceback (most recent call last):
  File "C:\Users\julia\AppData\Local\Programs\Python\Python310\lib\site-packages\zk\base.py", line 248, in __send_command
    self.__sock.send(top)
ConnectionResetError: [WinError 10054] Se ha forzado la interrupción de una conexión existente por el host remoto

During handling of the above exception, another exception occurred:

Traceback (most recent call last):
  File "c:\Users\julia\Documents\GitHub\Python_0_to_hero\Ejercicios\Biometricos\EJ 01.py", line 257, in monitorear_acciones_dispositivo
    logs = conn.get_attendance() or []
  File "C:\Users\julia\AppData\Local\Programs\Python\Python310\lib\site-packages\zk\base.py", line 1547, in get_attendance
    self.read_sizes()
  File "C:\Users\julia\AppData\Local\Programs\Python\Python310\lib\site-packages\zk\base.py", line 658, in read_sizes
    cmd_response = self.__send_command(command,b'', response_size)
  File "C:\Users\julia\AppData\Local\Programs\Python\Python310\lib\site-packages\zk\base.py", line 260, in __send_command
    raise ZKNetworkError(str(e))
zk.exception.ZKNetworkError: [WinError 10054] Se ha forzado la interrupción de una conexión existente por el host remoto

[2026-03-24T13:13:04.590181] Error en loop de monitoreo: [WinError 10054] Se ha forzado la interrupción de una conexión existente por el host remoto
Traceback (most recent call last):
  File "C:\Users\julia\AppData\Local\Programs\Python\Python310\lib\site-packages\zk\base.py", line 248, in __send_command
    self.__sock.send(top)
ConnectionResetError: [WinError 10054] Se ha forzado la interrupción de una conexión existente por el host remoto

During handling of the above exception, another exception occurred:

Traceback (most recent call last):
  File "c:\Users\julia\Documents\GitHub\Python_0_to_hero\Ejercicios\Biometricos\EJ 01.py", line 257, in monitorear_acciones_dispositivo
    logs = conn.get_attendance() or []
  File "C:\Users\julia\AppData\Local\Programs\Python\Python310\lib\site-packages\zk\base.py", line 1547, in get_attendance
    self.read_sizes()
  File "C:\Users\julia\AppData\Local\Programs\Python\Python310\lib\site-packages\zk\base.py", line 658, in read_sizes
    cmd_response = self.__send_command(command,b'', response_size)
  File "C:\Users\julia\AppData\Local\Programs\Python\Python310\lib\site-packages\zk\base.py", line 260, in __send_command
    raise ZKNetworkError(str(e))
zk.exception.ZKNetworkError: [WinError 10054] Se ha forzado la interrupción de una conexión existente por el host remoto

[2026-03-24T13:13:07.595861] Error en loop de monitoreo: [WinError 10054] Se ha forzado la interrupción de una conexión existente por el host remoto
Traceback (most recent call last):
  File "C:\Users\julia\AppData\Local\Programs\Python\Python310\lib\site-packages\zk\base.py", line 248, in __send_command
    self.__sock.send(top)
ConnectionResetError: [WinError 10054] Se ha forzado la interrupción de una conexión existente por el host remoto

During handling of the above exception, another exception occurred:

Traceback (most recent call last):
  File "c:\Users\julia\Documents\GitHub\Python_0_to_hero\Ejercicios\Biometricos\EJ 01.py", line 257, in monitorear_acciones_dispositivo
    logs = conn.get_attendance() or []
  File "C:\Users\julia\AppData\Local\Programs\Python\Python310\lib\site-packages\zk\base.py", line 1547, in get_attendance
    self.read_sizes()
  File "C:\Users\julia\AppData\Local\Programs\Python\Python310\lib\site-packages\zk\base.py", line 658, in read_sizes
    cmd_response = self.__send_command(command,b'', response_size)
  File "C:\Users\julia\AppData\Local\Programs\Python\Python310\lib\site-packages\zk\base.py", line 260, in __send_command
    raise ZKNetworkError(str(e))
zk.exception.ZKNetworkError: [WinError 10054] Se ha forzado la interrupción de una conexión existente por el host remoto

[2026-03-24T13:13:10.612123] Error en loop de monitoreo: [WinError 10054] Se ha forzado la interrupción de una conexión existente por el host remoto
Traceback (most recent call last):
  File "C:\Users\julia\AppData\Local\Programs\Python\Python310\lib\site-packages\zk\base.py", line 248, in __send_command
    self.__sock.send(top)
ConnectionResetError: [WinError 10054] Se ha forzado la interrupción de una conexión existente por el host remoto

During handling of the above exception, another exception occurred:

Traceback (most recent call last):
  File "c:\Users\julia\Documents\GitHub\Python_0_to_hero\Ejercicios\Biometricos\EJ 01.py", line 257, in monitorear_acciones_dispositivo
    logs = conn.get_attendance() or []
  File "C:\Users\julia\AppData\Local\Programs\Python\Python310\lib\site-packages\zk\base.py", line 1547, in get_attendance
    self.read_sizes()
  File "C:\Users\julia\AppData\Local\Programs\Python\Python310\lib\site-packages\zk\base.py", line 658, in read_sizes
    cmd_response = self.__send_command(command,b'', response_size)
  File "C:\Users\julia\AppData\Local\Programs\Python\Python310\lib\site-packages\zk\base.py", line 260, in __send_command
    raise ZKNetworkError(str(e))
zk.exception.ZKNetworkError: [WinError 10054] Se ha forzado la interrupción de una conexión existente por el host remoto

[2026-03-24T13:13:13.627374] Error en loop de monitoreo: [WinError 10054] Se ha forzado la interrupción de una conexión existente por el host remoto
Traceback (most recent call last):
  File "C:\Users\julia\AppData\Local\Programs\Python\Python310\lib\site-packages\zk\base.py", line 248, in __send_command
    self.__sock.send(top)
ConnectionResetError: [WinError 10054] Se ha forzado la interrupción de una conexión existente por el host remoto

During handling of the above exception, another exception occurred:

Traceback (most recent call last):
  File "c:\Users\julia\Documents\GitHub\Python_0_to_hero\Ejercicios\Biometricos\EJ 01.py", line 257, in monitorear_acciones_dispositivo
    logs = conn.get_attendance() or []
  File "C:\Users\julia\AppData\Local\Programs\Python\Python310\lib\site-packages\zk\base.py", line 1547, in get_attendance
    self.read_sizes()
  File "C:\Users\julia\AppData\Local\Programs\Python\Python310\lib\site-packages\zk\base.py", line 658, in read_sizes
    cmd_response = self.__send_command(command,b'', response_size)
  File "C:\Users\julia\AppData\Local\Programs\Python\Python310\lib\site-packages\zk\base.py", line 260, in __send_command
    raise ZKNetworkError(str(e))
zk.exception.ZKNetworkError: [WinError 10054] Se ha forzado la interrupción de una conexión existente por el host remoto

[2026-03-24T13:13:16.630619] Error en loop de monitoreo: [WinError 10054] Se ha forzado la interrupción de una conexión existente por el host remoto
Traceback (most recent call last):
  File "C:\Users\julia\AppData\Local\Programs\Python\Python310\lib\site-packages\zk\base.py", line 248, in __send_command
    self.__sock.send(top)
ConnectionResetError: [WinError 10054] Se ha forzado la interrupción de una conexión existente por el host remoto

During handling of the above exception, another exception occurred:

Traceback (most recent call last):
  File "c:\Users\julia\Documents\GitHub\Python_0_to_hero\Ejercicios\Biometricos\EJ 01.py", line 257, in monitorear_acciones_dispositivo
    logs = conn.get_attendance() or []
  File "C:\Users\julia\AppData\Local\Programs\Python\Python310\lib\site-packages\zk\base.py", line 1547, in get_attendance
    self.read_sizes()
  File "C:\Users\julia\AppData\Local\Programs\Python\Python310\lib\site-packages\zk\base.py", line 658, in read_sizes
    cmd_response = self.__send_command(command,b'', response_size)
  File "C:\Users\julia\AppData\Local\Programs\Python\Python310\lib\site-packages\zk\base.py", line 260, in __send_command
    raise ZKNetworkError(str(e))
zk.exception.ZKNetworkError: [WinError 10054] Se ha forzado la interrupción de una conexión existente por el host remoto

[2026-03-24T13:13:19.639325] Error en loop de monitoreo: [WinError 10054] Se ha forzado la interrupción de una conexión existente por el host remoto
Traceback (most recent call last):
  File "C:\Users\julia\AppData\Local\Programs\Python\Python310\lib\site-packages\zk\base.py", line 248, in __send_command
    self.__sock.send(top)
ConnectionResetError: [WinError 10054] Se ha forzado la interrupción de una conexión existente por el host remoto

During handling of the above exception, another exception occurred:

Traceback (most recent call last):
  File "c:\Users\julia\Documents\GitHub\Python_0_to_hero\Ejercicios\Biometricos\EJ 01.py", line 257, in monitorear_acciones_dispositivo
    logs = conn.get_attendance() or []
  File "C:\Users\julia\AppData\Local\Programs\Python\Python310\lib\site-packages\zk\base.py", line 1547, in get_attendance
    self.read_sizes()
  File "C:\Users\julia\AppData\Local\Programs\Python\Python310\lib\site-packages\zk\base.py", line 658, in read_sizes
    cmd_response = self.__send_command(command,b'', response_size)
  File "C:\Users\julia\AppData\Local\Programs\Python\Python310\lib\site-packages\zk\base.py", line 260, in __send_command
    raise ZKNetworkError(str(e))
zk.exception.ZKNetworkError: [WinError 10054] Se ha forzado la interrupción de una conexión existente por el host remoto

[2026-03-24T13:13:22.645506] Error en loop de monitoreo: [WinError 10054] Se ha forzado la interrupción de una conexión existente por el host remoto
Traceback (most recent call last):
  File "C:\Users\julia\AppData\Local\Programs\Python\Python310\lib\site-packages\zk\base.py", line 248, in __send_command
    self.__sock.send(top)
ConnectionResetError: [WinError 10054] Se ha forzado la interrupción de una conexión existente por el host remoto

During handling of the above exception, another exception occurred:

Traceback (most recent call last):
  File "c:\Users\julia\Documents\GitHub\Python_0_to_hero\Ejercicios\Biometricos\EJ 01.py", line 257, in monitorear_acciones_dispositivo
    logs = conn.get_attendance() or []
  File "C:\Users\julia\AppData\Local\Programs\Python\Python310\lib\site-packages\zk\base.py", line 1547, in get_attendance
    self.read_sizes()
  File "C:\Users\julia\AppData\Local\Programs\Python\Python310\lib\site-packages\zk\base.py", line 658, in read_sizes
    cmd_response = self.__send_command(command,b'', response_size)
  File "C:\Users\julia\AppData\Local\Programs\Python\Python310\lib\site-packages\zk\base.py", line 260, in __send_command
    raise ZKNetworkError(str(e))
zk.exception.ZKNetworkError: [WinError 10054] Se ha forzado la interrupción de una conexión existente por el host remoto

[2026-03-24T13:13:25.649871] Error en loop de monitoreo: [WinError 10054] Se ha forzado la interrupción de una conexión existente por el host remoto
Traceback (most recent call last):
  File "C:\Users\julia\AppData\Local\Programs\Python\Python310\lib\site-packages\zk\base.py", line 248, in __send_command
    self.__sock.send(top)
ConnectionResetError: [WinError 10054] Se ha forzado la interrupción de una conexión existente por el host remoto

During handling of the above exception, another exception occurred:

Traceback (most recent call last):
  File "c:\Users\julia\Documents\GitHub\Python_0_to_hero\Ejercicios\Biometricos\EJ 01.py", line 257, in monitorear_acciones_dispositivo
    logs = conn.get_attendance() or []
  File "C:\Users\julia\AppData\Local\Programs\Python\Python310\lib\site-packages\zk\base.py", line 1547, in get_attendance
    self.read_sizes()
  File "C:\Users\julia\AppData\Local\Programs\Python\Python310\lib\site-packages\zk\base.py", line 658, in read_sizes
    cmd_response = self.__send_command(command,b'', response_size)
  File "C:\Users\julia\AppData\Local\Programs\Python\Python310\lib\site-packages\zk\base.py", line 260, in __send_command
    raise ZKNetworkError(str(e))
zk.exception.ZKNetworkError: [WinError 10054] Se ha forzado la interrupción de una conexión existente por el host remoto

[2026-03-24T13:13:28.657111] Error en loop de monitoreo: [WinError 10054] Se ha forzado la interrupción de una conexión existente por el host remoto
Traceback (most recent call last):
  File "C:\Users\julia\AppData\Local\Programs\Python\Python310\lib\site-packages\zk\base.py", line 248, in __send_command
    self.__sock.send(top)
ConnectionResetError: [WinError 10054] Se ha forzado la interrupción de una conexión existente por el host remoto

During handling of the above exception, another exception occurred:

Traceback (most recent call last):
  File "c:\Users\julia\Documents\GitHub\Python_0_to_hero\Ejercicios\Biometricos\EJ 01.py", line 257, in monitorear_acciones_dispositivo
    logs = conn.get_attendance() or []
  File "C:\Users\julia\AppData\Local\Programs\Python\Python310\lib\site-packages\zk\base.py", line 1547, in get_attendance
    self.read_sizes()
  File "C:\Users\julia\AppData\Local\Programs\Python\Python310\lib\site-packages\zk\base.py", line 658, in read_sizes
    cmd_response = self.__send_command(command,b'', response_size)
  File "C:\Users\julia\AppData\Local\Programs\Python\Python310\lib\site-packages\zk\base.py", line 260, in __send_command
    raise ZKNetworkError(str(e))
zk.exception.ZKNetworkError: [WinError 10054] Se ha forzado la interrupción de una conexión existente por el host remoto

[2026-03-24T13:13:31.661323] Error en loop de monitoreo: [WinError 10054] Se ha forzado la interrupción de una conexión existente por el host remoto
Traceback (most recent call last):
  File "C:\Users\julia\AppData\Local\Programs\Python\Python310\lib\site-packages\zk\base.py", line 248, in __send_command
    self.__sock.send(top)
ConnectionResetError: [WinError 10054] Se ha forzado la interrupción de una conexión existente por el host remoto

During handling of the above exception, another exception occurred:

Traceback (most recent call last):
  File "c:\Users\julia\Documents\GitHub\Python_0_to_hero\Ejercicios\Biometricos\EJ 01.py", line 257, in monitorear_acciones_dispositivo
    logs = conn.get_attendance() or []
  File "C:\Users\julia\AppData\Local\Programs\Python\Python310\lib\site-packages\zk\base.py", line 1547, in get_attendance
    self.read_sizes()
  File "C:\Users\julia\AppData\Local\Programs\Python\Python310\lib\site-packages\zk\base.py", line 658, in read_sizes
    cmd_response = self.__send_command(command,b'', response_size)
  File "C:\Users\julia\AppData\Local\Programs\Python\Python310\lib\site-packages\zk\base.py", line 260, in __send_command
    raise ZKNetworkError(str(e))
zk.exception.ZKNetworkError: [WinError 10054] Se ha forzado la interrupción de una conexión existente por el host remoto

[2026-03-24T13:13:34.669179] Error en loop de monitoreo: [WinError 10054] Se ha forzado la interrupción de una conexión existente por el host remoto
Traceback (most recent call last):
  File "C:\Users\julia\AppData\Local\Programs\Python\Python310\lib\site-packages\zk\base.py", line 248, in __send_command
    self.__sock.send(top)
ConnectionResetError: [WinError 10054] Se ha forzado la interrupción de una conexión existente por el host remoto

During handling of the above exception, another exception occurred:

Traceback (most recent call last):
  File "c:\Users\julia\Documents\GitHub\Python_0_to_hero\Ejercicios\Biometricos\EJ 01.py", line 257, in monitorear_acciones_dispositivo
    logs = conn.get_attendance() or []
  File "C:\Users\julia\AppData\Local\Programs\Python\Python310\lib\site-packages\zk\base.py", line 1547, in get_attendance
    self.read_sizes()
  File "C:\Users\julia\AppData\Local\Programs\Python\Python310\lib\site-packages\zk\base.py", line 658, in read_sizes
    cmd_response = self.__send_command(command,b'', response_size)
  File "C:\Users\julia\AppData\Local\Programs\Python\Python310\lib\site-packages\zk\base.py", line 260, in __send_command
    raise ZKNetworkError(str(e))
zk.exception.ZKNetworkError: [WinError 10054] Se ha forzado la interrupción de una conexión existente por el host remoto

[2026-03-24T13:13:37.676061] Error en loop de monitoreo: [WinError 10054] Se ha forzado la interrupción de una conexión existente por el host remoto
Traceback (most recent call last):
  File "C:\Users\julia\AppData\Local\Programs\Python\Python310\lib\site-packages\zk\base.py", line 248, in __send_command
    self.__sock.send(top)
ConnectionResetError: [WinError 10054] Se ha forzado la interrupción de una conexión existente por el host remoto

During handling of the above exception, another exception occurred:

Traceback (most recent call last):
  File "c:\Users\julia\Documents\GitHub\Python_0_to_hero\Ejercicios\Biometricos\EJ 01.py", line 257, in monitorear_acciones_dispositivo
    logs = conn.get_attendance() or []
  File "C:\Users\julia\AppData\Local\Programs\Python\Python310\lib\site-packages\zk\base.py", line 1547, in get_attendance
    self.read_sizes()
  File "C:\Users\julia\AppData\Local\Programs\Python\Python310\lib\site-packages\zk\base.py", line 658, in read_sizes
    cmd_response = self.__send_command(command,b'', response_size)
  File "C:\Users\julia\AppData\Local\Programs\Python\Python310\lib\site-packages\zk\base.py", line 260, in __send_command
    raise ZKNetworkError(str(e))
zk.exception.ZKNetworkError: [WinError 10054] Se ha forzado la interrupción de una conexión existente por el host remoto

[2026-03-24T13:13:40.689359] Error en loop de monitoreo: [WinError 10054] Se ha forzado la interrupción de una conexión existente por el host remoto
Traceback (most recent call last):
  File "C:\Users\julia\AppData\Local\Programs\Python\Python310\lib\site-packages\zk\base.py", line 248, in __send_command
    self.__sock.send(top)
ConnectionResetError: [WinError 10054] Se ha forzado la interrupción de una conexión existente por el host remoto

During handling of the above exception, another exception occurred:

Traceback (most recent call last):
  File "c:\Users\julia\Documents\GitHub\Python_0_to_hero\Ejercicios\Biometricos\EJ 01.py", line 257, in monitorear_acciones_dispositivo
    logs = conn.get_attendance() or []
  File "C:\Users\julia\AppData\Local\Programs\Python\Python310\lib\site-packages\zk\base.py", line 1547, in get_attendance
    self.read_sizes()
  File "C:\Users\julia\AppData\Local\Programs\Python\Python310\lib\site-packages\zk\base.py", line 658, in read_sizes
    cmd_response = self.__send_command(command,b'', response_size)
  File "C:\Users\julia\AppData\Local\Programs\Python\Python310\lib\site-packages\zk\base.py", line 260, in __send_command
    raise ZKNetworkError(str(e))
zk.exception.ZKNetworkError: [WinError 10054] Se ha forzado la interrupción de una conexión existente por el host remoto

[2026-03-24T13:13:43.705085] Error en loop de monitoreo: [WinError 10054] Se ha forzado la interrupción de una conexión existente por el host remoto
Traceback (most recent call last):
  File "C:\Users\julia\AppData\Local\Programs\Python\Python310\lib\site-packages\zk\base.py", line 248, in __send_command
    self.__sock.send(top)
ConnectionResetError: [WinError 10054] Se ha forzado la interrupción de una conexión existente por el host remoto

During handling of the above exception, another exception occurred:

Traceback (most recent call last):
  File "c:\Users\julia\Documents\GitHub\Python_0_to_hero\Ejercicios\Biometricos\EJ 01.py", line 257, in monitorear_acciones_dispositivo
    logs = conn.get_attendance() or []
  File "C:\Users\julia\AppData\Local\Programs\Python\Python310\lib\site-packages\zk\base.py", line 1547, in get_attendance
    self.read_sizes()
  File "C:\Users\julia\AppData\Local\Programs\Python\Python310\lib\site-packages\zk\base.py", line 658, in read_sizes
    cmd_response = self.__send_command(command,b'', response_size)
  File "C:\Users\julia\AppData\Local\Programs\Python\Python310\lib\site-packages\zk\base.py", line 260, in __send_command
    raise ZKNetworkError(str(e))
zk.exception.ZKNetworkError: [WinError 10054] Se ha forzado la interrupción de una conexión existente por el host remoto

[2026-03-24T13:13:46.716578] Error en loop de monitoreo: [WinError 10054] Se ha forzado la interrupción de una conexión existente por el host remoto
Traceback (most recent call last):
  File "C:\Users\julia\AppData\Local\Programs\Python\Python310\lib\site-packages\zk\base.py", line 248, in __send_command
    self.__sock.send(top)
ConnectionResetError: [WinError 10054] Se ha forzado la interrupción de una conexión existente por el host remoto

During handling of the above exception, another exception occurred:

Traceback (most recent call last):
  File "c:\Users\julia\Documents\GitHub\Python_0_to_hero\Ejercicios\Biometricos\EJ 01.py", line 257, in monitorear_acciones_dispositivo
    logs = conn.get_attendance() or []
  File "C:\Users\julia\AppData\Local\Programs\Python\Python310\lib\site-packages\zk\base.py", line 1547, in get_attendance
    self.read_sizes()
  File "C:\Users\julia\AppData\Local\Programs\Python\Python310\lib\site-packages\zk\base.py", line 658, in read_sizes
    cmd_response = self.__send_command(command,b'', response_size)
  File "C:\Users\julia\AppData\Local\Programs\Python\Python310\lib\site-packages\zk\base.py", line 260, in __send_command
    raise ZKNetworkError(str(e))
zk.exception.ZKNetworkError: [WinError 10054] Se ha forzado la interrupción de una conexión existente por el host remoto

[2026-03-24T13:13:49.723902] Error en loop de monitoreo: [WinError 10054] Se ha forzado la interrupción de una conexión existente por el host remoto
Traceback (most recent call last):
  File "C:\Users\julia\AppData\Local\Programs\Python\Python310\lib\site-packages\zk\base.py", line 248, in __send_command
    self.__sock.send(top)
ConnectionResetError: [WinError 10054] Se ha forzado la interrupción de una conexión existente por el host remoto

During handling of the above exception, another exception occurred:

Traceback (most recent call last):
  File "c:\Users\julia\Documents\GitHub\Python_0_to_hero\Ejercicios\Biometricos\EJ 01.py", line 257, in monitorear_acciones_dispositivo
    logs = conn.get_attendance() or []
  File "C:\Users\julia\AppData\Local\Programs\Python\Python310\lib\site-packages\zk\base.py", line 1547, in get_attendance
    self.read_sizes()
  File "C:\Users\julia\AppData\Local\Programs\Python\Python310\lib\site-packages\zk\base.py", line 658, in read_sizes
    cmd_response = self.__send_command(command,b'', response_size)
  File "C:\Users\julia\AppData\Local\Programs\Python\Python310\lib\site-packages\zk\base.py", line 260, in __send_command
    raise ZKNetworkError(str(e))
zk.exception.ZKNetworkError: [WinError 10054] Se ha forzado la interrupción de una conexión existente por el host remoto

[2026-03-24T13:13:52.736361] Error en loop de monitoreo: [WinError 10054] Se ha forzado la interrupción de una conexión existente por el host remoto
Traceback (most recent call last):
  File "C:\Users\julia\AppData\Local\Programs\Python\Python310\lib\site-packages\zk\base.py", line 248, in __send_command
    self.__sock.send(top)
ConnectionResetError: [WinError 10054] Se ha forzado la interrupción de una conexión existente por el host remoto

During handling of the above exception, another exception occurred:

Traceback (most recent call last):
  File "c:\Users\julia\Documents\GitHub\Python_0_to_hero\Ejercicios\Biometricos\EJ 01.py", line 257, in monitorear_acciones_dispositivo
    logs = conn.get_attendance() or []
  File "C:\Users\julia\AppData\Local\Programs\Python\Python310\lib\site-packages\zk\base.py", line 1547, in get_attendance
    self.read_sizes()
  File "C:\Users\julia\AppData\Local\Programs\Python\Python310\lib\site-packages\zk\base.py", line 658, in read_sizes
    cmd_response = self.__send_command(command,b'', response_size)
  File "C:\Users\julia\AppData\Local\Programs\Python\Python310\lib\site-packages\zk\base.py", line 260, in __send_command
    raise ZKNetworkError(str(e))
zk.exception.ZKNetworkError: [WinError 10054] Se ha forzado la interrupción de una conexión existente por el host remoto

[2026-03-24T13:13:55.739457] Error en loop de monitoreo: [WinError 10054] Se ha forzado la interrupción de una conexión existente por el host remoto
Traceback (most recent call last):
  File "C:\Users\julia\AppData\Local\Programs\Python\Python310\lib\site-packages\zk\base.py", line 248, in __send_command
    self.__sock.send(top)
ConnectionResetError: [WinError 10054] Se ha forzado la interrupción de una conexión existente por el host remoto

During handling of the above exception, another exception occurred:

Traceback (most recent call last):
  File "c:\Users\julia\Documents\GitHub\Python_0_to_hero\Ejercicios\Biometricos\EJ 01.py", line 257, in monitorear_acciones_dispositivo
    logs = conn.get_attendance() or []
  File "C:\Users\julia\AppData\Local\Programs\Python\Python310\lib\site-packages\zk\base.py", line 1547, in get_attendance
    self.read_sizes()
  File "C:\Users\julia\AppData\Local\Programs\Python\Python310\lib\site-packages\zk\base.py", line 658, in read_sizes
    cmd_response = self.__send_command(command,b'', response_size)
  File "C:\Users\julia\AppData\Local\Programs\Python\Python310\lib\site-packages\zk\base.py", line 260, in __send_command
    raise ZKNetworkError(str(e))
zk.exception.ZKNetworkError: [WinError 10054] Se ha forzado la interrupción de una conexión existente por el host remoto

[2026-03-24T13:13:58.757109] Error en loop de monitoreo: [WinError 10054] Se ha forzado la interrupción de una conexión existente por el host remoto
Traceback (most recent call last):
  File "C:\Users\julia\AppData\Local\Programs\Python\Python310\lib\site-packages\zk\base.py", line 248, in __send_command
    self.__sock.send(top)
ConnectionResetError: [WinError 10054] Se ha forzado la interrupción de una conexión existente por el host remoto

During handling of the above exception, another exception occurred:

Traceback (most recent call last):
  File "c:\Users\julia\Documents\GitHub\Python_0_to_hero\Ejercicios\Biometricos\EJ 01.py", line 257, in monitorear_acciones_dispositivo
    logs = conn.get_attendance() or []
  File "C:\Users\julia\AppData\Local\Programs\Python\Python310\lib\site-packages\zk\base.py", line 1547, in get_attendance
    self.read_sizes()
  File "C:\Users\julia\AppData\Local\Programs\Python\Python310\lib\site-packages\zk\base.py", line 658, in read_sizes
    cmd_response = self.__send_command(command,b'', response_size)
  File "C:\Users\julia\AppData\Local\Programs\Python\Python310\lib\site-packages\zk\base.py", line 260, in __send_command
    raise ZKNetworkError(str(e))
zk.exception.ZKNetworkError: [WinError 10054] Se ha forzado la interrupción de una conexión existente por el host remoto

[2026-03-24T13:14:01.773502] Error en loop de monitoreo: [WinError 10054] Se ha forzado la interrupción de una conexión existente por el host remoto
Traceback (most recent call last):
  File "C:\Users\julia\AppData\Local\Programs\Python\Python310\lib\site-packages\zk\base.py", line 248, in __send_command
    self.__sock.send(top)
ConnectionResetError: [WinError 10054] Se ha forzado la interrupción de una conexión existente por el host remoto

During handling of the above exception, another exception occurred:

Traceback (most recent call last):
  File "c:\Users\julia\Documents\GitHub\Python_0_to_hero\Ejercicios\Biometricos\EJ 01.py", line 257, in monitorear_acciones_dispositivo
    logs = conn.get_attendance() or []
  File "C:\Users\julia\AppData\Local\Programs\Python\Python310\lib\site-packages\zk\base.py", line 1547, in get_attendance
    self.read_sizes()
  File "C:\Users\julia\AppData\Local\Programs\Python\Python310\lib\site-packages\zk\base.py", line 658, in read_sizes
    cmd_response = self.__send_command(command,b'', response_size)
  File "C:\Users\julia\AppData\Local\Programs\Python\Python310\lib\site-packages\zk\base.py", line 260, in __send_command
    raise ZKNetworkError(str(e))
zk.exception.ZKNetworkError: [WinError 10054] Se ha forzado la interrupción de una conexión existente por el host remoto

[2026-03-24T13:14:04.787601] Error en loop de monitoreo: [WinError 10054] Se ha forzado la interrupción de una conexión existente por el host remoto
Traceback (most recent call last):
  File "C:\Users\julia\AppData\Local\Programs\Python\Python310\lib\site-packages\zk\base.py", line 248, in __send_command
    self.__sock.send(top)
ConnectionResetError: [WinError 10054] Se ha forzado la interrupción de una conexión existente por el host remoto

During handling of the above exception, another exception occurred:

Traceback (most recent call last):
  File "c:\Users\julia\Documents\GitHub\Python_0_to_hero\Ejercicios\Biometricos\EJ 01.py", line 257, in monitorear_acciones_dispositivo
    logs = conn.get_attendance() or []
  File "C:\Users\julia\AppData\Local\Programs\Python\Python310\lib\site-packages\zk\base.py", line 1547, in get_attendance
    self.read_sizes()
  File "C:\Users\julia\AppData\Local\Programs\Python\Python310\lib\site-packages\zk\base.py", line 658, in read_sizes
    cmd_response = self.__send_command(command,b'', response_size)
  File "C:\Users\julia\AppData\Local\Programs\Python\Python310\lib\site-packages\zk\base.py", line 260, in __send_command
    raise ZKNetworkError(str(e))
zk.exception.ZKNetworkError: [WinError 10054] Se ha forzado la interrupción de una conexión existente por el host remoto

[2026-03-24T13:14:07.797281] Error en loop de monitoreo: [WinError 10054] Se ha forzado la interrupción de una conexión existente por el host remoto
Traceback (most recent call last):
  File "C:\Users\julia\AppData\Local\Programs\Python\Python310\lib\site-packages\zk\base.py", line 248, in __send_command
    self.__sock.send(top)
ConnectionResetError: [WinError 10054] Se ha forzado la interrupción de una conexión existente por el host remoto

During handling of the above exception, another exception occurred:

Traceback (most recent call last):
  File "c:\Users\julia\Documents\GitHub\Python_0_to_hero\Ejercicios\Biometricos\EJ 01.py", line 257, in monitorear_acciones_dispositivo
    logs = conn.get_attendance() or []
  File "C:\Users\julia\AppData\Local\Programs\Python\Python310\lib\site-packages\zk\base.py", line 1547, in get_attendance
    self.read_sizes()
  File "C:\Users\julia\AppData\Local\Programs\Python\Python310\lib\site-packages\zk\base.py", line 658, in read_sizes
    cmd_response = self.__send_command(command,b'', response_size)
  File "C:\Users\julia\AppData\Local\Programs\Python\Python310\lib\site-packages\zk\base.py", line 260, in __send_command
    raise ZKNetworkError(str(e))
zk.exception.ZKNetworkError: [WinError 10054] Se ha forzado la interrupción de una conexión existente por el host remoto

[2026-03-24T13:14:10.812216] Error en loop de monitoreo: [WinError 10054] Se ha forzado la interrupción de una conexión existente por el host remoto
Traceback (most recent call last):
  File "C:\Users\julia\AppData\Local\Programs\Python\Python310\lib\site-packages\zk\base.py", line 248, in __send_command
    self.__sock.send(top)
ConnectionResetError: [WinError 10054] Se ha forzado la interrupción de una conexión existente por el host remoto

During handling of the above exception, another exception occurred:

Traceback (most recent call last):
  File "c:\Users\julia\Documents\GitHub\Python_0_to_hero\Ejercicios\Biometricos\EJ 01.py", line 257, in monitorear_acciones_dispositivo
    logs = conn.get_attendance() or []
  File "C:\Users\julia\AppData\Local\Programs\Python\Python310\lib\site-packages\zk\base.py", line 1547, in get_attendance
    self.read_sizes()
  File "C:\Users\julia\AppData\Local\Programs\Python\Python310\lib\site-packages\zk\base.py", line 658, in read_sizes
    cmd_response = self.__send_command(command,b'', response_size)
  File "C:\Users\julia\AppData\Local\Programs\Python\Python310\lib\site-packages\zk\base.py", line 260, in __send_command
    raise ZKNetworkError(str(e))
zk.exception.ZKNetworkError: [WinError 10054] Se ha forzado la interrupción de una conexión existente por el host remoto

[2026-03-24T13:14:13.823069] Error en loop de monitoreo: [WinError 10054] Se ha forzado la interrupción de una conexión existente por el host remoto
Traceback (most recent call last):
  File "C:\Users\julia\AppData\Local\Programs\Python\Python310\lib\site-packages\zk\base.py", line 248, in __send_command
    self.__sock.send(top)
ConnectionResetError: [WinError 10054] Se ha forzado la interrupción de una conexión existente por el host remoto

During handling of the above exception, another exception occurred:

Traceback (most recent call last):
  File "c:\Users\julia\Documents\GitHub\Python_0_to_hero\Ejercicios\Biometricos\EJ 01.py", line 257, in monitorear_acciones_dispositivo
    logs = conn.get_attendance() or []
  File "C:\Users\julia\AppData\Local\Programs\Python\Python310\lib\site-packages\zk\base.py", line 1547, in get_attendance
    self.read_sizes()
  File "C:\Users\julia\AppData\Local\Programs\Python\Python310\lib\site-packages\zk\base.py", line 658, in read_sizes
    cmd_response = self.__send_command(command,b'', response_size)
  File "C:\Users\julia\AppData\Local\Programs\Python\Python310\lib\site-packages\zk\base.py", line 260, in __send_command
    raise ZKNetworkError(str(e))
zk.exception.ZKNetworkError: [WinError 10054] Se ha forzado la interrupción de una conexión existente por el host remoto

[2026-03-24T13:14:16.838660] Error en loop de monitoreo: [WinError 10054] Se ha forzado la interrupción de una conexión existente por el host remoto
Traceback (most recent call last):
  File "C:\Users\julia\AppData\Local\Programs\Python\Python310\lib\site-packages\zk\base.py", line 248, in __send_command
    self.__sock.send(top)
ConnectionResetError: [WinError 10054] Se ha forzado la interrupción de una conexión existente por el host remoto

During handling of the above exception, another exception occurred:

Traceback (most recent call last):
  File "c:\Users\julia\Documents\GitHub\Python_0_to_hero\Ejercicios\Biometricos\EJ 01.py", line 257, in monitorear_acciones_dispositivo
    logs = conn.get_attendance() or []
  File "C:\Users\julia\AppData\Local\Programs\Python\Python310\lib\site-packages\zk\base.py", line 1547, in get_attendance
    self.read_sizes()
  File "C:\Users\julia\AppData\Local\Programs\Python\Python310\lib\site-packages\zk\base.py", line 658, in read_sizes
    cmd_response = self.__send_command(command,b'', response_size)
  File "C:\Users\julia\AppData\Local\Programs\Python\Python310\lib\site-packages\zk\base.py", line 260, in __send_command
    raise ZKNetworkError(str(e))
zk.exception.ZKNetworkError: [WinError 10054] Se ha forzado la interrupción de una conexión existente por el host remoto

